Query ID,Query Name,Ground Truths,Pred 1,Pred 2,Pred 3,Pred 4,Pred 5
4897,learning health system,delivery of health care,"health care quality , access , and evaluation",comprehensive health care,patient care management,health care evaluation mechanisms,health planning
1784,commitment of mentally ill,forensic psychiatry,hospitalization,patient rights,mental disorders,human rights,"insurance , health"
7018,product labeling,product packaging,product packaging,"technology , pharmaceutical",industry,manufactured materials,manufacturing industry
4110,"hepatitis , autoimmune","autoimmune diseases; hepatitis , chronic",hepatitis,immune system diseases,disease attributes,virus diseases,nutritional and metabolic diseases
3585,"genes , cdc",genes,"genes , regulator",genes,"genes , immunoglobulin","genes , viral","genes , microbial"
1743,collapse therapy,pulmonary surgical procedures,respiratory therapy,emergency treatment,thoracic surgical procedures,"diagnostic techniques , respiratory system",respiratory function tests
1765,color,light,visual perception,ocular physiological phenomena,perception,manufactured materials,sensation
4926,"lens implantation , intraocular",refractive surgical procedures,prosthesis implantation,eye diseases,ocular physiological phenomena,eye,microscopy
2456,"dna , mitochondrial","dna , circular",dna,chromosomes,"receptors , cytoplasmic and nuclear","receptors , cell surface",genome
1932,"contraceptive devices , male",contraceptive devices,"contraceptive devices , female",contraceptive devices,contraception,equipment and supplies,surgical equipment
3535,gene conversion,homologous recombination,"recombination , genetic",mutagenesis,mutation,genetic phenomena,genetic variation
6801,platelet transfusion,blood component transfusion,blood component transfusion,blood transfusion,blood physiological phenomena,hematologic diseases,hematologic tests
6720,pituitary hormone release inhibiting hormones,hypothalamic hormones,pituitary hormones,peptide hormones,hormones,"hormones , hormone substitutes , and hormone antagonists",hormone antagonists
518,"antigens , ly","antigens , differentiation","antigens , surface",antigens,"antigens , viral",biomarkers,biological factors
6165,olfactory nerve,cranial nerves,cranial nerves,peripheral nerves,nervous system,peripheral nervous system,sense organs
1885,conscious sedation,anesthesia and analgesia,"signs and symptoms , respiratory",respiration disorders,anesthesia,signs and symptoms,anesthesia and analgesia
9436,zinc acetate,acetic acid,zinc compounds,oxides,ions,anions,oxygen compounds
1783,commission on professional and hospital activities,medical audit,financial management,health facility administration,"quality assurance , health care",hospital administration,organization and administration
325,ambulatory surgical procedures,"surgical procedures , operative","surgical procedures , operative",thoracic surgical procedures,minimally invasive surgical procedures,"diagnostic techniques , surgical",transplantation
3993,health status disparities,health status,population characteristics,health status,health status indicators,socioeconomic factors,health surveys
665,atrial septum,heart septum,heart septum,heart,cardiovascular system,cardiovascular physiological phenomena,sense organs
2565,"drug resistance , multiple , bacterial","drug resistance , bacterial; drug resistance , multiple","drug resistance , bacterial","drug resistance , microbial",bacterial physiological phenomena,microbiological phenomena,drug resistance
7273,radiation oncology,radiology; medical oncology,internal medicine,medicine,biological science disciplines,"surgical procedures , operative",physical and rehabilitation medicine
3082,eye foreign bodies,eye injuries; foreign bodies,anterior eye segment,eye,ocular physiological phenomena,retina,eye diseases
4426,immunoglobulin switch region,"gene components; genes , immunoglobulin heavy chain","regulatory elements , transcriptional",gene components,"regulatory sequences , nucleic acid",molecular structure,protein structural elements
2808,"encephalitis virus , japanese","encephalitis viruses , japanese","encephalitis viruses , japanese",encephalitis viruses,hepatitis viruses,viruses,rna viruses
1117,cancer care facilities,"hospitals , special",ambulatory care facilities,health facilities,hospital units,"hospitals , special",hospitals
1557,chromosome fragile sites,"dna sequence , unstable",chromosome aberrations,chromosomes,mutagenesis,mutation,protein structural elements
1950,copper,"transition elements; metals , heavy","metals , heavy",transition elements,"metals , light",elements,metals
5676,mouth floor,mouth,mouth,face,sense organs,head,eye
3316,flour,food,"crops , agricultural",food,food and beverages,plant preparations,biological products
6,aaa proteins,carrier proteins,proteins,carrier proteins,glycoproteins,blood proteins,membrane proteins
2643,"edema , cardiac",edema; heart failure,"arrhythmias , cardiac",heart diseases,cardiac conduction system disease,"heart defects , congenital",myocardial ischemia
496,"antibodies , fungal",antibodies,antibodies,blood proteins,vaccines,proteins,glycoproteins
4169,higher nervous activity,mental processes; nervous system physiological phenomena,nervous system physiological phenomena,musculoskeletal and neural physiological phenomena,mental processes,peripheral nervous system,sensation
1524,cholesterol esters,cholesterol,cholesterol,fatty acids,lipids,lipoproteins,carrier proteins
6177,"oncogene proteins , fusion",mutant chimeric proteins; oncogene proteins,oncogene proteins,viral proteins,viral structural proteins,membrane proteins,antibodies
507,"anticipation , psychological",mental processes,mental processes,thinking,emotional intelligence,behavior and behavior mechanisms,probability
1838,comprehensive dental care,comprehensive health care,dental care,dental health services,dentistry,patient care,comprehensive health care
3001,ethiopia,"africa , eastern","africa , eastern",viruses,virus diseases,asia,geographic locations
7607,respiratory sinus arrhythmia,heart rate,"signs and symptoms , respiratory",respiration disorders,"arrhythmias , cardiac",vital signs,signs and symptoms
4621,"intensive care units , neonatal","intensive care units , pediatric","intensive care units , pediatric",intensive care units,hospital units,health facilities,comprehensive health care
2817,endocrine surgical procedures,"surgical procedures , operative",minimally invasive surgical procedures,"surgical procedures , operative",thoracic surgical procedures,transplantation,orthopedic procedures
2582,"drugs , chinese herbal",plant extracts; pharmaceutical preparations,pharmaceutical preparations,dosage forms,biological products,plant preparations,biomedical and dental materials
7311,"range of motion , articular",physical examination; musculoskeletal physiological phenomena,musculoskeletal physiological phenomena,orthopedic procedures,movement,musculoskeletal and neural physiological phenomena,joint diseases
5081,los angeles,cities; california,cities,great lakes region,united states,geographic locations,spatial concept
8254,sodium hydroxide,sodium compounds,sodium compounds,elements,metals,intestinal diseases,body regions
2715,"electrodes , implanted",electrodes,electrical equipment and supplies,prosthesis implantation,surgical equipment,equipment and supplies,radiation
3988,health services misuse,health services; attitude to health,drug therapy,surveys and questionnaires,drug administration routes,public health practice,health surveys
4887,law enforcement,"social control , formal",crime,forensic medicine,united states government agencies,violence,forensic sciences
2729,electronic mail,correspondence as topic,communications media,computer systems,language,management information systems,computing methodologies
5833,negative staining,staining and labeling,staining and labeling,eye diseases,"chemistry techniques , analytical","receptors , cell surface","receptors , cytoplasmic and nuclear"
6361,palliative care,patient care,perioperative care,patient care,primary health care,nursing care,comprehensive health care
5940,neutrophil activation,immune system phenomena,immune system phenomena,immunity,signal transduction,biological factors,cytokines
7433,"receptors , sigma","receptors , opioid","receptors , opioid","receptors , cytokine","receptors , cell surface","receptors , growth factor","receptors , cytoplasmic and nuclear"
3430,"fractures , compression","fractures , bone","fractures , bone",skull fractures,wounds and injuries,mechanical phenomena,orthopedic procedures
8057,sibling relations,family relations,family relations,interpersonal relations,social behavior,family,"psychology , social"
7064,prostatic secretory proteins,seminal plasma proteins,intracellular signaling peptides and proteins,membrane proteins,intercellular signaling peptides and proteins,"genital diseases , male",antigens
2492,dna transformation competence,"transformation , bacterial; genetic phenomena","recombination , genetic",genetic phenomena,body constitution,immune system phenomena,dna
3302,fish diseases,animal diseases,animal diseases,mycobacterium infections,bacterial infections,"genital diseases , male",animal population groups
9143,vascular patency,cardiovascular physiological phenomena,vascular diseases,cardiovascular physiological phenomena,vascular surgical procedures,blood circulation,cardiovascular surgical procedures
7693,ring chromosomes,chromosome aberrations; chromosomes,chromosomes,chromosome structures,"chromosomes , mammalian","chromosomes , human","chromosomes , artificial"
5323,medical informatics computing,medical informatics,medical informatics applications,medical informatics,information systems,informatics,information storage and retrieval
3261,fibrin clot lysis time,hematologic tests; blood physiological phenomena,digestive system and oral physiological phenomena,nutritional physiological phenomena,"diet , food , and nutrition",digestive system diseases,metabolism
4286,"hospitals , voluntary","hospitals , private","hospitals , private",hospitals,"hospitals , special","hospitals , public",sociology
5742,"mutation , missense",mutation,mutagenesis,mutation,protein structural elements,pathologic processes,molecular structure
3986,health services for persons with disabilities,health services,health services,community health services,mental health services,nursing services,pharmaceutical services
1163,"carcinoma , lewis lung","neoplasms , experimental; carcinoma",adenocarcinoma,carcinoma,neoplasms by histologic type,lung diseases,respiratory tract diseases
2917,episode of care,patient care,psychotherapy,patient care,"surgical procedures , operative",nursing care,signs and symptoms
3525,gastric outlet obstruction,stomach diseases,intestinal diseases,colonic diseases,fistula,digestive system diseases,endocrine system diseases
4484,infant formula,"infant food; milk substitutes; food , formulated",beverages,biological products,plant preparations,pharmaceutical preparations,food and beverages
5547,miller fisher syndrome,cerebellar diseases; ocular motility disorders,nervous system diseases,peripheral nervous system diseases,neuromuscular diseases,cranial nerve diseases,neurologic manifestations
2689,"egypt , ancient",ancient lands,"asia , western",historical geographic locations,asia,geographic locations,biological phenomena
8967,tumor escape,immune system phenomena,adaptive immunity,immunity,immune system phenomena,disease attributes,"insurance , health"
8779,tobacco industry,manufacturing industry,industry,manufacturing industry,product packaging,"technology , industry , and agriculture","technology , pharmaceutical"
8272,solid phase extraction,chemical fractionation,"chemistry techniques , analytical",chromatography,"chromatography , liquid",molecular probe techniques,chemical phenomena
5252,mass drug administration,disease eradication,drug therapy,drug administration routes,public health practice,therapeutic uses,health planning
4188,histological techniques,clinical laboratory techniques,"diagnostic techniques , endocrine","diagnostic techniques , surgical",diagnostic techniques and procedures,specimen handling,clinical chemistry tests
3631,genetic carrier screening,genetic testing,cytogenetic analysis,clinical laboratory techniques,genetic techniques,hematologic tests,genetic variation
4735,"ischemic attack , transient",brain ischemia,brain ischemia,cerebrovascular disorders,intracranial embolism and thrombosis,stroke,brain diseases
2229,dental fistula,oral fistula,mouth diseases,tooth diseases,periodontal diseases,head and neck neoplasms,dental physiological phenomena
3124,factor vii,enzyme precursors; blood coagulation factors,blood coagulation factors,enzyme precursors,protein precursors,cytokines,blood coagulation factor inhibitors
1131,capital expenditures,health expenditures,economics,costs and cost analysis,fees and charges,financial management,health care economics and organizations
7023,professional corporations,professional practice,social sciences,organizations,industry,manufacturing industry,professional practice
2776,emergence delirium,postoperative complications; delirium,anesthesia,mental disorders,signs and symptoms,anesthesia and analgesia,infections
1823,complement factor d,complement activating enzymes,complement system proteins,enzyme precursors,protein precursors,blood coagulation factors,immune system phenomena
7941,semen preservation,tissue preservation,tissue preservation,"preservation , biological",physiological phenomena,therapeutics,specialty uses of chemicals
6479,patient selection,patient care management; research design,epidemiologic research design,"outcome and process assessment , health care",health care evaluation mechanisms,epidemiologic methods,"outcome assessment , health care"
5966,nitric oxide donors,cardiovascular agents; molecular mechanisms of pharmacological action,membrane transport modulators,pharmacologic actions,chemical actions and uses,molecular mechanisms of pharmacological action,therapeutic uses
2502,"dominance , ocular",ocular physiological phenomena,ocular physiological phenomena,visual perception,vision tests,optical phenomena,eye
9038,united states indian health service,united states public health service,united states public health service,united states dept . of health and human services,united states government agencies,federal government,health services administration
3308,fisheries,aquaculture; manufacturing and industrial facilities,food industry,"technology , industry , and agriculture",islands,industry,environment
6173,olive oil,plant oils,plant oils,oils,plant preparations,lipids,environment and public health
6754,plant pathology,microbiology; developmental biology,plant physiological phenomena,medicine,plants,health occupations,biological science disciplines
24,"abortion , criminal",crime,"abortion , spontaneous",pregnancy complications,obstetric surgical procedures,crime,pregnancy
4945,leukemia inhibitory factor,cytokines,cytokines,intercellular signaling peptides and proteins,fibroblast growth factors,blood coagulation factor inhibitors,molecular mechanisms of pharmacological action
7288,"radiography , dental , digital","radiographic image enhancement; radiography , dental",radiography,ultrasonography,diagnostic imaging,microscopy,dentistry
7103,"protein modification , translational",gene expression regulation; protein biosynthesis,protein biosynthesis,peptide biosynthesis,biochemical phenomena,"protein structure , tertiary",protein conformation
5714,muscle fatigue,musculoskeletal physiological phenomena,muscular diseases,signs and symptoms,neuromuscular diseases,respiration disorders,musculoskeletal diseases
3,5 ' flanking region,gene components,base sequence,"repetitive sequences , nucleic acid",molecular structure,"regulatory sequences , nucleic acid",molecular conformation
4260,"hospitals , animal","housing , animal; hospitals",hospitals,"hospitals , special","hospitals , public",health facilities,animal diseases
2607,ear canal,"ear , external","ear , external",sense organs,ear,head,respiratory system
8302,soybean proteins,"soy foods; plant proteins , dietary; plant proteins",plant proteins,blood proteins,dietary proteins,biological products,antibodies
5919,neuromuscular blockade,anesthesia and analgesia,nerve block,"anesthesia , conduction",anesthesia,physiological effects of drugs,anesthesia and analgesia
7359,receptor aggregation,cell physiological phenomena,signal transduction,"receptors , cytokine","receptors , peptide","receptors , cell surface",cell physiological phenomena
1371,central nervous system vascular malformations,vascular malformations; nervous system malformations,nervous system malformations,cerebrovascular disorders,nervous system diseases,central nervous system diseases,cardiovascular abnormalities
2577,drug tolerance,pharmacological phenomena,drug resistance,pharmacological phenomena,drug therapy,microbiological phenomena,neurons
4579,insulin antibodies,antibodies,antibodies,"antibodies , viral",blood proteins,membrane proteins,carrier proteins
7425,"receptors , polymeric immunoglobulin","receptors , fc","receptors , cell surface","receptors , cytoplasmic and nuclear",membrane glycoproteins,antibodies,membrane proteins
6048,nucleotide motifs,nucleic acid conformation; base sequence,amino acid sequence,base sequence,molecular structure,protein structural elements,"regulatory sequences , nucleic acid"
4288,host microbial interactions,biological phenomena; microbiological phenomena,microbiological phenomena,microbiological techniques,bacterial physiological phenomena,"drug resistance , microbial",virus physiological phenomena
7349,"receptor , fibroblast growth factor , type 2","receptors , fibroblast growth factor","receptors , fibroblast growth factor","receptors , growth factor","receptors , cytokine","receptors , peptide",fibroblast growth factors
4433,impulsive behavior,behavior,behavior,behavior and behavior mechanisms,social behavior,activity,crime
389,andersen syndrome,long qt syndrome,congenital abnormalities,chromosome disorders,nervous system malformations,"congenital , hereditary , and neonatal diseases and abnormalities",sensation disorders
2685,egg yolk,eggs,animal structures,reproduction,"amino acids , peptides , and proteins",animals,peptides
5180,mammary analogue secretory carcinoma,carcinoma,head and neck neoplasms,adenocarcinoma,carcinoma,neoplasms by histologic type,mouth diseases
8180,smooth muscle tumor,"neoplasms , muscle tissue","neoplasms , muscle tissue","neoplasms , connective and soft tissue","neoplasms , connective tissue",muscular diseases,sarcoma
8835,total disc replacement,"arthroplasty , replacement",arthroplasty,"arthroplasty , replacement",prosthesis implantation,orthopedic procedures,physical therapy modalities
8847,trace elements,elements,elements,metals,"metals , heavy","metals , light",transition elements
5917,neurology,medicine,internal medicine,physical and rehabilitation medicine,"diagnostic techniques , neurological",medicine,biological science disciplines
5872,"neoplastic cells , circulating",cells; neoplasm metastasis,neoplasms,cells,neoplasms by histologic type,"cells , cultured",neoplastic processes
6137,occupational injuries,wounds and injuries,wounds and injuries,occupational diseases,environmental exposure,"fractures , bone",skin diseases
9366,white coat hypertension,hypertension,hypertension,kidney diseases,lung diseases,liver diseases,clinical laboratory techniques
6134,occupational health nursing,nursing care,nursing,nursing care,health,delivery of health care,patient care
4263,"hospitals , county","hospitals , public","hospitals , public",hospitals,"hospitals , special",cities,health facilities
2970,essay,publication formats,publication formats,clinical study,clinical trial,publication components,study characteristics
9331,"water pollutants , chemical",water pollutants,water pollutants,environmental pollutants,toxic actions,chemical actions and uses,environmental pollution
1925,contraception behavior,reproductive behavior,contraception,behavior,pregnancy,reproduction,reproductive physiological phenomena
8950,"tuberculosis , female genital","genital diseases , female","genital diseases , male","genital diseases , female",sexually transmitted diseases,tuberculosis,bacterial infections
864,biometric identification,security measures,specimen handling,forensic medicine,radiography,molecular probe techniques,forensic sciences
3896,hair removal,cosmetic techniques,skin diseases,therapeutics,skin and connective tissue diseases,rehabilitation,specialty uses of chemicals
2651,"education , dental , graduate","education , graduate; education , dental","education , graduate","education , professional","education , continuing",education,dentistry
5293,maze learning,spatial learning,learning,"reinforcement , psychology","psychology , educational",mental processes,education
5501,"microscopy , electrochemical , scanning","microscopy , scanning probe","microscopy , scanning probe",microscopy,"microscopy , electron",diagnostic imaging,ultrasonography
1569,"chromosomes , artificial , human","chromosomes , human; chromosomes , artificial , mammalian","chromosomes , artificial","chromosomes , artificial , mammalian",chromosomes,"chromosomes , mammalian","chromosomes , human"
4116,hepatitis a antibodies,hepatitis antibodies,hepatitis antibodies,"antibodies , viral",antibodies,viral proteins,blood proteins
7790,root resorption,tooth resorption,tooth diseases,periodontal diseases,dental physiological phenomena,bone diseases,endocrine system diseases
584,arterial pressure,blood pressure,vascular surgical procedures,cardiovascular physiological phenomena,vascular diseases,cardiovascular surgical procedures,anesthesia and analgesia
4209,hiv protease inhibitors,protease inhibitors,protease inhibitors,enzyme inhibitors,blood coagulation factor inhibitors,molecular mechanisms of pharmacological action,rna
3554,gene knockdown techniques,gene targeting,genetic engineering,gene expression,genetic techniques,"recombination , genetic",biological therapy
8321,specialty boards,certification,professional practice,health occupations,dentistry,industry,organizations
8754,tissue,fully formed anatomical structure,tissues,connective tissue,epithelium,musculoskeletal system,body regions
403,"anesthesia , intravenous",anesthesia,anesthesia,anesthesia and analgesia,"anesthesia , conduction",drug administration routes,injections
7903,secondary care,delivery of health care; referral and consultation,patient care,comprehensive health care,delivery of health care,nursing care,hospitals
9255,vision screening,mass screening; vision tests,vision tests,visual perception,ocular physiological phenomena,diagnostic imaging,"education , professional"
7467,reduced folate carrier protein,solute carrier proteins,carrier proteins,solute carrier proteins,cation transport proteins,ion pumps,membrane transport proteins
1020,boston,cities; massachusetts,cities,great lakes region,united states,geographic locations,europe
8901,"transplantation , heterologous",transplantation,transplantation,tissue transplantation,organ transplantation,cell transplantation,"surgical procedures , operative"
5461,methyl cpg binding domain,protein domains,protein domains,protein interaction domains and motifs,amino acid motifs,"protein structure , tertiary",protein conformation
716,axon initial segment,axons,axons,cell surface extensions,nerve fibers,neurons,cytoplasmic structures
1056,breast density,body constitution,body weights and measures,body size,body constitution,growth,body weight
906,blood culture,microbiological techniques,clinical laboratory techniques,clinical chemistry tests,hematologic tests,in vitro techniques,blood physiological phenomena
2731,electronic nose,diagnostic equipment; electrical equipment and supplies,electrical equipment and supplies,sense organs,face,head,equipment and supplies
461,"animals , newborn",animal population groups,animals,animal population groups,vertebrates,"animals , laboratory","animals , inbred strains"
1171,"carcinoma , small cell",carcinoma,carcinoma,adenocarcinoma,neoplasms by histologic type,neoplasms,neoplasms by site
7830,"salivary glands , minor",salivary glands,salivary glands,mouth,face,sense organs,respiratory system
4699,introductory journal article,journal article,journal article,publication formats,publication components,clinical study,study characteristics
3436,fragile x syndrome,sex chromosome disorders,chromosome disorders,"abnormalities , multiple",congenital abnormalities,"congenital , hereditary , and neonatal diseases and abnormalities","infant , newborn , diseases"
2541,drug costs,health care costs,fees and charges,health care costs,economics,costs and cost analysis,health care economics and organizations
7202,pulmonary edema,lung diseases,respiration disorders,"signs and symptoms , respiratory",lung diseases,respiratory tract diseases,"diagnostic techniques , respiratory system"
5368,medullary sponge kidney,"kidney diseases , cystic",kidney diseases,renal insufficiency,reproductive and urinary physiological phenomena,lung diseases,endocrine system diseases
5883,nerve growth factor,nerve growth factors,nerve growth factors,nerve tissue proteins,intercellular signaling peptides and proteins,intracellular signaling peptides and proteins,cytokines
7833,salmonella food poisoning,salmonella infections,poisoning,heavy metal poisoning,environmental exposure,environmental pollution,liver diseases
1624,civil defense,government programs,environmental exposure,public health,"social control , formal",public health practice,crime
9161,ventral striatum,corpus striatum,extremities,body regions,head,sense organs,eye
5165,magnets,manufactured materials,electromagnetic phenomena,magnetic phenomena,electrical equipment and supplies,radiation,physical phenomena
2797,employer health costs,health care costs,health care costs,costs and cost analysis,delivery of health care,vital statistics,economics
1519,"cholesterol , dietary",cholesterol,cholesterol,lipids,digestive system and oral physiological phenomena,nutritional physiological phenomena,"diet , food , and nutrition"
6992,primary care nursing,nursing care,nursing care,nursing,nursing process,patient care,comprehensive health care
7872,school mental health services,school health services; mental health services; health services administration,school health services,mental health services,preventive health services,schools,community health services
7222,punishment,"reinforcement , psychology; social control , informal",behavior,"social control , formal",crime,therapeutics,ethics
8496,substrate specificity,biochemical phenomena,biochemical phenomena,metabolism,pharmacological phenomena,blood coagulation factor inhibitors,molecular mechanisms of pharmacological action
5394,"meningitis , escherichia coli","escherichia coli infections; meningitis , bacterial",meningitis,central nervous system infections,central nervous system diseases,intestinal diseases,neoplasms by site
6985,presynaptic terminals,synapses; axons,axons,nerve fibers,neurons,peripheral nerves,nervous system
1341,cell survival,cell physiological phenomena,physiological phenomena,immunity,immune system phenomena,cell physiological phenomena,growth and development
9207,vietnam conflict,armed conflicts,armed conflicts,asia,geographic locations,ecological and environmental phenomena,europe
6605,personnel selection,personnel management,personnel management,organization and administration,occupational groups,health personnel,professional practice
2201,dental anxiety,anxiety,emotions,head and neck neoplasms,mental disorders,mouth diseases,face
5927,neuronal plasticity,nervous system physiological phenomena,nervous system physiological phenomena,musculoskeletal and neural physiological phenomena,musculoskeletal physiological phenomena,sensation,central nervous system diseases
2627,"ecological systems , closed","environment , controlled; ecosystem",ecological and environmental phenomena,organic chemistry phenomena,geological phenomena,environment,meteorological concepts
4531,infrared rays,sunlight,light,electromagnetic radiation,optical phenomena,spectrum analysis,radiation
1915,"contact lenses , hydrophilic",contact lenses,lenses,optical devices,microscopy,electrical equipment and supplies,diagnostic imaging
1442,"chemistry , analytic",chemistry,chemistry,"chemistry , pharmaceutical",biochemistry,natural science disciplines,science
1814,comparative genomic hybridization,molecular diagnostic techniques; nucleic acid hybridization; cytogenetic analysis,cytogenetic analysis,nucleic acid hybridization,sequence analysis,specimen handling,genetic techniques
2050,crohn disease,inflammatory bowel diseases,colonic diseases,intestinal diseases,immune system diseases,digestive system diseases,digestive system neoplasms
3814,graft survival,host vs graft reaction,physiological phenomena,health,immune system phenomena,delivery of health care,population characteristics
2139,"databases , nucleic acid","databases , chemical; databases , genetic","databases , genetic","databases , chemical",information services,medical informatics,informatics
5496,microsatellite repeats,tandem repeat sequences,"repetitive sequences , nucleic acid",base sequence,"regulatory sequences , nucleic acid",genome components,mutagenesis
5950,new zealand,pacific islands,islands,geographic locations,asia,north america,united states
9144,vascular remodeling,"pathological conditions , anatomical; cardiovascular physiological phenomena; pathologic processes",vascular diseases,cardiovascular diseases,cardiovascular abnormalities,postoperative complications,cardiovascular surgical procedures
8310,spacecraft,space flight,equipment and supplies,atmosphere,surgical equipment,communications media,meteorological concepts
6932,pragmatic clinical trial,randomized controlled trial,clinical trials as topic,clinical studies as topic,"disease models , animal",prognosis,"models , animal"
9372,whole body imaging,diagnostic imaging,diagnostic imaging,molecular imaging,multimodal imaging,tomography,ultrasonography
7086,protein corona,proteins,membrane proteins,biochemical phenomena,antigens,organelles,membrane glycoproteins
6129,occupational dentistry,dentistry,dentistry,"dentistry , operative",public health dentistry,forensic sciences,environment and public health
991,bone marrow neoplasms,bone marrow diseases; hematologic neoplasms,neoplasms by histologic type,neoplasms by site,neoplasms,hematologic diseases,bone diseases
3847,"group practice , dental",group practice,professional practice,dentistry,organizations,tooth diseases,family
8714,thymus extracts,tissue extracts,tissue extracts,fluids and secretions,body fluids,complex mixtures,blood
3342,folate receptor 1,"antigens , neoplasm","receptors , cell surface","receptors , cytoplasmic and nuclear","receptors , peptide","receptors , cytokine","receptors , growth factor"
6264,organic cation transporter 2,organic cation transport proteins,cation transport proteins,organic cation transport proteins,solute carrier proteins,ion pumps,membrane transport proteins
413,anger,emotions,emotions,behavioral symptoms,emotional intelligence,behavior and behavior mechanisms,social behavior
3601,"genes , mating type , fungal","genes , fungal","genes , microbial",genes,"genome , microbial",genome,genome components
937,blood volume determination,"diagnostic techniques , cardiovascular",blood chemical analysis,hematologic tests,clinical chemistry tests,"diagnostic techniques , cardiovascular",blood physiological phenomena
3368,food inspection,food safety,food technology,food quality,food industry,food,food and beverages
4455,indiana,great lakes region,great lakes region,united states,cities,north america,geographic locations
8721,"thyroid cancer , papillary","adenocarcinoma , papillary; thyroid neoplasms",adenocarcinoma,endocrine gland neoplasms,carcinoma,endocrine system diseases,head and neck neoplasms
4441,incidental findings,diagnosis,diagnosis,prognosis,"outcome and process assessment , health care",epidemiologic factors,entity
753,basal forebrain,olfactory cortex,head,cerebral cortex,extremities,sense organs,body regions
5565,"mitochondria , heart","mitochondria , muscle",heart,cardiovascular system,organelles,muscles,tissues
1846,computer graphics,data display; computing methodologies,data display,computer simulation,computing methodologies,artificial intelligence,computer systems
1841,compressive strength,mechanical phenomena,mechanical phenomena,pressure,musculoskeletal physiological phenomena,musculoskeletal system,skeleton
1648,clinical enzyme tests,clinical chemistry tests; enzyme assays,clinical laboratory techniques,diagnostic techniques and procedures,diagnosis,prognosis,hematologic tests
834,biological control agents,biological products,pharmacologic actions,physiological effects of drugs,chemical actions and uses,molecular mechanisms of pharmacological action,therapeutic uses
7913,seed bank,biological specimen banks,reproductive techniques,clinical laboratory techniques,molecular sequence data,microbiological phenomena,biology
2057,cross protection,immunity,virus physiological phenomena,microbiological phenomena,immunity,virus diseases,infections
4471,"infant , extremely premature","infant , premature","infant , premature","infant , newborn","infant , low birth weight",infant,age groups
5701,"multiple sclerosis , chronic progressive",multiple sclerosis,disease attributes,metabolic diseases,rehabilitation,neoplasms,health
100,acupuncture,health occupations,acupuncture therapy,spiritual therapies,"medicine , traditional",complementary therapies,philosophy
255,air bags,protective devices,equipment and supplies,protective devices,surgical equipment,skeleton,insurance
1492,child protective services,government agencies,health services,community health services,public health practice,preventive health services,public health
4520,information dissemination,communication,communication,information science,information management,documentation,informatics
2403,directly observed therapy,therapeutics,comprehensive health care,"outcome and process assessment , health care",patient care management,epidemiologic study characteristics,drug therapy
5059,liver glycogen,glycogen,liver diseases,food,food and beverages,blood coagulation factor inhibitors,digestive system diseases
1907,consumer behavior,behavior,behavior,social behavior,health behavior,communication,nutritional physiological phenomena
8013,sex counseling,counseling,mental health services,community health services,health services,pharmaceutical services,patient care
8565,swimming pools,sports and recreational facilities,health facilities,locomotion,reproductive and urinary physiological phenomena,movement,body fluid compartments
8444,"stimulation , chemical",pharmacological phenomena,pharmacological phenomena,blood physiological phenomena,nervous system physiological phenomena,circulatory and respiratory physiological phenomena,reproductive and urinary physiological phenomena
4644,international council of nurses,"societies , nursing",organizations,voluntary health agencies,societies,occupational groups,health services administration
1468,"child , exceptional","persons; psychology , educational",persons,population groups,age groups,occupational groups,health personnel
5471,"mice , inbred balb c","mice , inbred strains","mice , inbred strains","animals , inbred strains",mice,"animals , laboratory",animal population groups
1137,carbohydrate biochemistry,biochemistry,biochemistry,biological science disciplines,microbiology,genetics,biology
7641,retinal hemorrhage,eye hemorrhage; retinal diseases,hemorrhage,retinal diseases,eye diseases,skin diseases,vascular diseases
6450,patient care bundles,therapeutics,comprehensive health care,delivery of health care,patient care,patient care management,health planning
1968,corneal endothelial cell loss,postoperative complications; corneal diseases,corneal diseases,eye diseases,retinal diseases,anterior eye segment,eye
7573,research embryo creation,embryo research,epidemiologic research design,reproductive techniques,technology,biomedical research,clinical laboratory techniques
6228,optical restriction mapping,restriction mapping,chromosome mapping,molecular probe techniques,diagnostic imaging,microscopy,genetic techniques
9092,uterine cervical erosion,uterine cervical diseases,uterine cervical diseases,uterine diseases,"genital diseases , female","genital diseases , male",reproductive physiological phenomena
7932,self medication,self care; drug therapy,drug therapy,drug resistance,drug administration routes,mental disorders,neoplasms
8427,static electricity,electricity,electricity,electromagnetic phenomena,magnetic phenomena,electromagnetic radiation,electrical equipment and supplies
2008,cost of illness,costs and cost analysis; health status indicators,health care costs,costs and cost analysis,vital statistics,economics,socioeconomic factors
6235,oral hygiene index,dental health surveys,dentistry,quality of health care,environment and public health,health surveys,"health care quality , access , and evaluation"
3547,"gene expression regulation , leukemic","gene expression regulation , neoplastic",gene expression regulation,mutation,genetic variation,genetic phenomena,neoplasms
7160,"psychology , military","psychology , applied","psychology , applied",psychology,"psychology , industrial","psychology , educational","psychology , social"
7691,right to health,human rights; health services accessibility,human rights,patient rights,civil rights,"social control , formal",delivery of health care
8511,sulfur acids,sulfur compounds,sulfur compounds,"amino acids , sulfur",amino acids,organic chemicals,oxides
3802,governing board,organization and administration,government agencies,government,organization and administration,federal government,"social control , formal"
7013,problem behavior,behavioral symptoms; child behavior,behavior,social behavior,behavior and behavior mechanisms,social problems,personality development
6871,portion size,diet,"diet , food , and nutrition",diet,nutritional physiological phenomena,food,food and beverages
139,"adenocarcinoma , clear cell",adenocarcinoma,adenocarcinoma,carcinoma,neoplasms by histologic type,neoplasms,neoplasms by site
6360,"palate , soft",palate,mouth,face,jaw,facial bones,respiratory system
7530,renal artery obstruction,kidney diseases,kidney diseases,lung diseases,vascular diseases,liver diseases,chemistry
9371,whole blood coagulation time,blood physiological phenomena; blood coagulation tests,blood transfusion,blood physiological phenomena,blood,hematologic diseases,blood cells
4440,incidence,morbidity,morbidity,health status indicators,vital statistics,mortality,health surveys
8947,"tuberculosis , central nervous system",tuberculosis; central nervous system bacterial infections,mycobacterium infections,tuberculosis,bacterial infections,central nervous system infections,liver diseases
4076,hematopoietic stem cell mobilization,biological therapy,cytokines,physiological effects of drugs,stem cells,pharmacologic actions,therapeutic uses
4910,"legislation , drug","legislation as topic; social control , formal",legislation as topic,"social control , formal","technology , pharmaceutical",crime,pharmacological phenomena
3200,feeder cells,"cells , cultured","cells , cultured",cells,bone marrow cells,epithelial cells,connective tissue cells
1517,cholera vaccines,bacterial vaccines,bacterial vaccines,vaccines,viral vaccines,cardiovascular diseases,biological products
7811,saccades,eye movements,ocular physiological phenomena,eye movements,eye,anterior eye segment,retina
8311,spain,europe,europe,"europe , eastern",united kingdom,geographic locations,asia
2223,dental enamel permeability,tooth permeability,tooth permeability,dental physiological phenomena,tooth diseases,digestive system and oral physiological phenomena,periodontal diseases
4168,high vocal center,animal structures,spinal cord,central nervous system,"neurons , afferent",cerebral cortex,neurons
7229,pyramidal tracts,spinal cord,spinal cord,central nervous system,neurons,nervous system,"neurons , afferent"
6906,potassium deficiency,deficiency diseases,nutritional and metabolic diseases,glucose metabolism disorders,metabolic diseases,neurons,endocrine system diseases
8709,thrombin time,blood physiological phenomena; blood coagulation tests,blood transfusion,blood coagulation disorders,hematologic diseases,blood physiological phenomena,digestive system and oral physiological phenomena
34,abortion applicants,persons,persons,population groups,occupational groups,health personnel,drug therapy
6454,patient comfort,patient care,patient care,continuity of patient care,primary health care,comprehensive health care,nursing care
9307,vulnerable populations,persons,persons,population groups,crime,drug therapy,public health practice
590,"arthritis , juvenile",arthritis; autoimmune diseases,arthritis,osteoarthritis,joint diseases,autoimmune diseases,musculoskeletal diseases
5294,maze procedure,cardiac surgical procedures; ablation techniques,endovascular procedures,cardiac surgical procedures,vascular surgical procedures,cardiovascular surgical procedures,minimally invasive surgical procedures
2942,erythrocyte aging,blood physiological phenomena; cellular senescence,blood cells,cells,blood,cell membrane,immune system
7629,retention in care,continuity of patient care,continuity of patient care,primary health care,comprehensive health care,delivery of health care,patient care management
1493,child psychiatry,psychiatry,psychiatry,forensic psychiatry,behavioral sciences,behavioral disciplines and activities,medicine
3274,fibroblast growth factor 7,fibroblast growth factors,fibroblast growth factors,cytokines,intercellular signaling peptides and proteins,vaccines,blood coagulation factor inhibitors
7673,rheumatoid nodule,"arthritis , rheumatoid",musculoskeletal diseases,joint diseases,connective tissue diseases,"neoplasms , connective and soft tissue",amino acids
6106,"obesity , abdominal",obesity,obesity,overweight,body weight,body size,nutritional and metabolic diseases
5296,mean platelet volume,platelet function tests; cell size,blood physiological phenomena,cardiovascular physiological phenomena,circulatory and respiratory physiological phenomena,body weight,body size
42,academic failure,educational status,educational measurement,education,"psychology , educational","education , professional","psychology , applied"
1565,chromosome walking,chromosome mapping,nucleic acid hybridization,cytogenetic analysis,genetic techniques,molecular probe techniques,nucleic acid probes
5997,northern territory,australia,australia,geographic locations,united states,north america,islands
3244,fetal mortality,mortality,mortality,vital statistics,health status indicators,health surveys,population characteristics
9124,vaginal neoplasms,"vaginal diseases; genital neoplasms , female",vaginal diseases,"genital neoplasms , female","genital diseases , female","genital diseases , male",uterine diseases
4084,hemodynamic monitoring,"monitoring , physiologic; diagnostic techniques , cardiovascular","monitoring , physiologic","diagnostic techniques , cardiovascular",hematologic tests,vital signs,blood physiological phenomena
8453,strategic planning,planning techniques,regional health planning,organization and administration,health planning,health facility administration,mental processes
6359,"palate , hard",palate,jaw,facial bones,mouth,musculoskeletal system,face
4452,india,"asia , western","asia , western",asia,far east,geographic locations,historical geographic locations
1010,book review,publication formats,publication components,publications,library science,study characteristics,publication formats
9006,"ultrasonography , doppler , color","ultrasonography , doppler , duplex",ultrasonography,"ultrasonography , doppler , duplex","ultrasonography , doppler",diagnostic imaging,tomography
7045,prolactin,"pituitary hormones , anterior",pancreatic hormones,peptide hormones,hormones,pituitary hormones,"hormones , hormone substitutes , and hormone antagonists"
1619,"circulatory arrest , deep hypothermia induced","heart arrest , induced",anesthesia and analgesia,catheterization,cardiovascular surgical procedures,anesthesia,vascular surgical procedures
8790,token economy,reward,activity,social behavior,personality development,behavior,social problems
2926,epitope mapping,protein interaction mapping,molecular probe techniques,"chemistry techniques , analytical","chromatography , liquid",chromatography,genetic techniques
5824,neck dissection,lymph node excision,"surgical procedures , operative",minimally invasive surgical procedures,orthopedic procedures,anesthesia and analgesia,transplantation
3330,"fluorescent antibody technique , direct",fluorescent antibody technique,fluorescent antibody technique,molecular probe techniques,genetic techniques,"chemistry techniques , analytical",clinical laboratory techniques
772,bed rest,therapeutics,patient care,environment and public health,signs and symptoms,human activities,human rights
8558,sustainable development,conservation of natural resources; public policy,regional health planning,policy,health planning,health care economics and organizations,"technology , industry , and agriculture"
9049,universal health care,"social control , formal; health services accessibility; health services administration",primary health care,delivery of health care,comprehensive health care,health planning,patient care
9232,virus activation,virus replication,virus physiological phenomena,microbiological phenomena,immunity,virus diseases,physiological phenomena
7043,projection,defense mechanisms,defense mechanisms,personality development,emotional intelligence,behavior and behavior mechanisms,personality
8718,thymus neoplasms,thoracic neoplasms; lymphatic diseases,head and neck neoplasms,neoplasms by histologic type,"neoplasms , connective and soft tissue",behavioral disciplines and activities,behavioral sciences
7490,"regression , psychology",defense mechanisms,behavior and behavior mechanisms,behavioral symptoms,attitude,psychological phenomena,"psychology , social"
9078,"urinary incontinence , stress",urinary incontinence,respiration disorders,reproductive and urinary physiological phenomena,fistula,signs and symptoms,chemistry
6200,operative blood salvage,tissue and organ harvesting,"surgical procedures , operative",minimally invasive surgical procedures,cardiovascular surgical procedures,transplantation,viruses
2020,"cranial fossa , anterior",skull base,cerebral cortex,sensorimotor cortex,face,facial bones,head
8224,social values,"psychology , social","psychology , social",sociology,psychological phenomena,social problems,socioeconomic factors
4838,lac operon,operon,"regulatory sequences , nucleic acid",gene components,genome components,base sequence,molecular sequence
3880,gulf war,armed conflicts,armed conflicts,asia,geographic locations,ecological and environmental phenomena,europe
5550,mineral waters,water,water,body fluids,fluids and secretions,body fluid compartments,environment
2019,crack cocaine,cocaine,pharmaceutical preparations,viruses,"hormones , hormone substitutes , and hormone antagonists",hormones,mouth diseases
8173,smoking cessation,health behavior,therapeutics,drug administration routes,delivery of health care,drug therapy,"insurance , health"
2519,double outlet right ventricle,transposition of great vessels,"heart defects , congenital",heart diseases,cardiovascular abnormalities,"arrhythmias , cardiac",cardiovascular diseases
6483,patients ' rooms,health facility environment,intensive care units,hospital units,health facilities,health services accessibility,patient care
1459,chest wall oscillation,respiratory therapy,"signs and symptoms , respiratory",respiration disorders,"diagnostic techniques , respiratory system",respiratory function tests,respiration
4679,intracranial embolism,intracranial embolism and thrombosis,intracranial embolism and thrombosis,stroke,cerebrovascular disorders,embolism and thrombosis,myocardial ischemia
6606,personnel turnover,personnel management,personnel management,occupational groups,organization and administration,professional practice,delivery of health care
8111,skin absorption,"skin physiological phenomena; absorption , physiological","absorption , physiological",absorption,skin and connective tissue diseases,sensation,skin diseases
2217,dental cavity lining,"dentistry , operative",dental materials,biomedical and dental materials,manufactured materials,dentistry,specialty uses of chemicals
1167,"carcinoma , pancreatic ductal","pancreatic neoplasms; carcinoma , ductal",adenocarcinoma,pancreatic diseases,carcinoma,digestive system neoplasms,digestive system diseases
5520,microwave imaging,diagnostic imaging,magnetic resonance imaging,tomography,diagnostic imaging,ultrasonography,spectrum analysis
3579,"generalization , response","generalization , psychological",learning,diagnosis,immune system phenomena,perception,behavioral disciplines and activities
1558,chromosome inversion,sequence inversion; chromosome aberrations,chromosome aberrations,mutagenesis,mutation,chromosomes,protein structural elements
9275,vitamin b complex,vitamins,amino acids,"amino acids , peptides , and proteins",organic chemicals,proteins,glycoproteins
3629,genetic association studies,genetic techniques,epidemiologic study characteristics,epidemiologic studies,clinical studies as topic,epidemiologic methods,data collection
6367,pancreas transplantation,organ transplantation; digestive system surgical procedures,transplantation,pancreatic diseases,digestive system diseases,nutritional physiological phenomena,"diet , food , and nutrition"
2660,"education , nursing , continuing","education , continuing; education , nursing","education , nursing","education , continuing","education , professional",education,rehabilitation
3544,"gene expression regulation , bacterial",gene expression regulation,gene expression regulation,microbiological phenomena,genetic variation,genetic phenomena,cardiovascular physiological phenomena
5580,mitral valve,heart valves,heart valves,heart,cardiovascular system,muscles,heart diseases
9237,virus inactivation,virus physiological phenomena; microbiological techniques,virus physiological phenomena,microbiological phenomena,radiation,environmental exposure,virus diseases
8753,tinnitus,hearing disorders,hearing disorders,sensation disorders,ear diseases,sensation,neurologic manifestations
4685,intracranial pressure,cerebrospinal fluid pressure,nervous system physiological phenomena,musculoskeletal and neural physiological phenomena,peripheral nervous system,nervous system,brain diseases
1066,breathing exercises,exercise movement techniques,respiratory function tests,respiration,pulmonary ventilation,respiratory therapy,respiratory physiological phenomena
8134,skull base neoplasms,skull neoplasms,skull neoplasms,bone neoplasms,bone diseases,jaw diseases,thoracic neoplasms
6694,physicians ' offices,health facilities,physicians,professional practice,health occupations,medicine,industry
3709,gestational sac,embryonic structures,embryonic structures,reproduction,reproductive physiological phenomena,pregnancy,body fluids
6828,police,emergency responders,crime,forensic sciences,united states government agencies,federal government,government agencies
1928,"contraceptive agents , hormonal",contraceptive agents,contraceptive agents,reproductive control agents,physiological effects of drugs,therapeutic uses,pharmacologic actions
5655,mosquito vectors,insect vectors,animal population groups,animals,viruses,sensation,nervous system physiological phenomena
3211,femoral neck fractures,hip fractures,femoral fractures,leg injuries,"fractures , bone",wounds and injuries,musculoskeletal diseases
7279,radioactive hazard release,accidents,environmental exposure,environmental pollution,toxic actions,radiation,poisoning
3193,feces,fluids and secretions,bodily secretions,fluids and secretions,digestive system diseases,intestinal diseases,body fluids
7138,psychiatric rehabilitation,rehabilitation,rehabilitation,psychotherapy,behavioral disciplines and activities,physical and rehabilitation medicine,mental disorders
3095,eye pain,eye manifestations; pain,pain,eye diseases,retinal diseases,eye,ocular physiological phenomena
3126,factor viii,blood coagulation factors; protein precursors,blood coagulation factors,enzyme precursors,blood coagulation factor inhibitors,cytokines,biological factors
1150,carbon sequestration,carbon cycle,environment,"environment , controlled",ecological and environmental phenomena,meteorological concepts,environmental pollution
6181,"oncology service , hospital",hospital departments,hospital departments,health services,hospital administration,"surgical procedures , operative",community health services
2318,diabetic retinopathy,retinal diseases,retinal diseases,"eye diseases , hereditary",eye diseases,kidney diseases,nutritional and metabolic diseases
1795,"communication methods , total",correction of hearing impairment,language arts,language,communication,social behavior,psychotherapy
7895,sea level rise,water movements; climate change,climatic processes,renewable energy,ecological and environmental phenomena,environment,meteorological concepts
3602,"genes , mcc","genes , tumor suppressor",genes,"genes , microbial","genome , microbial",genome components,genome
673,attitude to computers,attitude,attitude,attitude to health,treatment adherence and compliance,behavior and behavior mechanisms,information management
664,atrial remodeling,"pathologic processes; pathological conditions , anatomical; atrial function","arrhythmias , cardiac",cardiac conduction system disease,heart diseases,myocardial ischemia,cardiovascular physiological phenomena
781,behavior observation techniques,psychological techniques,group processes,clinical laboratory techniques,behavioral disciplines and activities,diagnostic techniques and procedures,epidemiologic methods
4796,"kidney tubules , collecting",kidney tubules,kidney tubules,kidney diseases,reproductive and urinary physiological phenomena,cytoplasmic structures,body fluid compartments
3970,health plan implementation,health planning,regional health planning,health planning,organization and administration,health care evaluation mechanisms,health services administration
2384,digestion,digestive system physiological phenomena; nutritional physiological phenomena,digestive system physiological phenomena,digestive system and oral physiological phenomena,nutritional physiological phenomena,diet,"diet , food , and nutrition"
1352,cellular reprogramming,cell differentiation; genetic phenomena,cell cycle,cell physiological phenomena,cell proliferation,signal transduction,intracellular space
9058,urban health,population health,population health,health,health status,population characteristics,public health
7729,"rna , transfer , amino acyl","rna , transfer; amino acids",rna,nucleic acids,proteins,glycoproteins,blood proteins
8560,suture techniques,wound closure techniques,orthopedic procedures,minimally invasive surgical procedures,"surgical procedures , operative",surgical equipment,wounds and injuries
112,acute radiation syndrome,radiation injuries,environmental exposure,radiation,environmental pollution,elements,pathologic processes
2903,epidural neoplasms,spinal cord neoplasms,spinal cord neoplasms,central nervous system neoplasms,spinal cord diseases,nervous system neoplasms,central nervous system diseases
2907,"epilepsy , benign neonatal","epilepsy; infant , newborn , diseases",epilepsy,respiration disorders,signs and symptoms,mental disorders,anesthesia and analgesia
7454,recovery of function,biological phenomena,rehabilitation,human activities,signs and symptoms,pathologic processes,activity
4632,intermediate back muscles,back muscles,back muscles,"muscle , skeletal",muscles,musculoskeletal system,skeleton
4342,hypertrophy,"pathological conditions , anatomical",pathologic processes,"pathological conditions , signs and symptoms",necrosis,signs and symptoms,postoperative complications
8406,squamous cell carcinoma of head and neck,"carcinoma , squamous cell; head and neck neoplasms",head and neck neoplasms,adenocarcinoma,carcinoma,mouth diseases,face
3137,"faculty , dental",health personnel; faculty,faculty,educational personnel,health personnel,occupational groups,"education , professional"
9107,vaccination coverage,preventive health services; vaccination,nutrition therapy,surveys and questionnaires,health surveys,"diet , food , and nutrition",nutritional physiological phenomena
2745,"electrophoresis , starch gel",electrophoresis,"electrophoresis , polyacrylamide gel",electrophoresis,electrochemical techniques,"chromatography , liquid",chromatography
4190,"histology , comparative",histology,anatomy,biological science disciplines,biology,genetics,natural science disciplines
4563,inorganic chemical,chemical viewed structurally,inorganic chemicals,chemical,chemical viewed functionally,specialty uses of chemicals,laboratory chemicals
6205,ophthalmic assistants,physician assistants,"personnel , hospital",health personnel,occupational groups,nurses,hospital departments
1769,color vision,"vision , ocular",vision tests,visual perception,ocular physiological phenomena,optical phenomena,retina
7931,self efficacy,self concept,self concept,psychological phenomena,attitude,behavior and behavior mechanisms,mental processes
6160,old age assistance,public assistance,public assistance,"financing , government",medical assistance,"financing , organized",medicare
1899,conservative treatment,therapeutics,complementary therapies,psychotherapy,therapeutics,drug therapy,comprehensive health care
4150,hepatocytes,epithelial cells,bone marrow cells,hematopoietic system,connective tissue cells,epithelial cells,cells
241,"aged , 80 and over",aged,aged,adult,age groups,infant,growth and development
2273,"dental staff , hospital","personnel , hospital; dental staff","personnel , hospital",health personnel,occupational groups,nurses,hospital departments
3242,"fetal membranes , premature rupture",obstetric labor complications,pregnancy complications,poisoning,physical object,"congenital , hereditary , and neonatal diseases and abnormalities",complex mixtures
8435,stem cell factor,hematopoietic cell growth factors,cytokines,intercellular signaling peptides and proteins,fibroblast growth factors,protein precursors,blood coagulation factors
6654,phospholipid transfer proteins,membrane proteins; carrier proteins,solute carrier proteins,carrier proteins,membrane proteins,vesicular transport proteins,membrane transport proteins
9261,visual field tests,vision tests,vision tests,ocular physiological phenomena,visual perception,diagnostic imaging,optical phenomena
6145,ocular absorption,"absorption , physiological; ocular physiological phenomena",ocular physiological phenomena,vision tests,"absorption , physiological",visual perception,optical phenomena
3191,fecal incontinence,rectal diseases,respiration disorders,neurologic manifestations,fistula,neuromuscular diseases,signs and symptoms
8422,state dentistry,health care economics and organizations,public health dentistry,dentistry,health planning,"social control , formal",environment and public health
1106,calcium hydroxide,calcium compounds,calcium compounds,minerals,inorganic chemicals,organic chemicals,tooth diseases
5704,multiplex polymerase chain reaction,polymerase chain reaction,polymerase chain reaction,nucleic acid amplification techniques,nucleic acid hybridization,molecular probe techniques,genetic engineering
2471,dna fragmentation,dna damage,dna,biochemical phenomena,molecular conformation,chromosomes,genetic phenomena
6940,"pregnancy , abdominal","pregnancy , ectopic",pregnancy,pregnancy complications,"labor , obstetric",obstetric surgical procedures,reproduction
9247,viscoelastic substances,specialty uses of chemicals,inorganic chemicals,specialty uses of chemicals,biomedical and dental materials,laboratory chemicals,complex mixtures
8551,survival,human activities,death,physiological phenomena,health,human rights,"diet , food , and nutrition"
8399,sports equipment,manufactured materials,equipment and supplies,surgical equipment,protective devices,sports,physical therapy modalities
6491,pediatric emergency medicine,emergency medicine; pediatrics,medicine,physical and rehabilitation medicine,"diagnostic techniques , respiratory system",health services,health occupations
4112,"hepatitis , infectious canine","hepatitis , viral , animal; dog diseases",virus diseases,hepatitis,infections,animal diseases,eye diseases
2209,dental care for children,dental care,dental care,dental health services,dentistry,health services,community health services
7672,rheumatoid factor,autoantibodies,antibodies,carrier proteins,membrane proteins,blood coagulation factor inhibitors,blood proteins
3495,gallbladder,biliary tract,digestive system,biliary tract diseases,digestive system diseases,digestive system and oral physiological phenomena,bodily secretions
7710,"rna , chloroplast","rna , plant",rna,"rna , messenger",nucleic acids,nucleic acid probes,molecular probes
6337,oxygen isotopes,isotopes; oxygen,isotopes,oxygen compounds,gases,oxides,ions
8129,skin transplantation,tissue transplantation,transplantation,skin and connective tissue diseases,skin diseases,"surgical procedures , operative",body regions
8425,state health plans,regional health planning,regional health planning,health planning,organization and administration,legislation as topic,health services administration
320,alzheimer vaccines,vaccines,vaccines,bacterial vaccines,viral vaccines,pharmaceutical preparations,tooth diseases
4204,hiv enhancer,"enhancer elements , genetic; hiv long terminal repeat","enhancer elements , genetic","regulatory elements , transcriptional","regulatory sequences , nucleic acid",gene components,transcription factors
2578,drug trafficking,crime,crime,violence,social problems,poisoning,public health practice
5067,local area networks,computer communication networks,computer communication networks,internet,communications media,computer systems,electrical equipment and supplies
6728,placenta,embryonic structures,fetus,embryonic and fetal development,pregnancy,pregnancy complications,"congenital , hereditary , and neonatal diseases and abnormalities"
1632,cleft lip,lip diseases; mouth abnormalities,jaw diseases,jaw,facial bones,head and neck neoplasms,mouth diseases
3889,"hair cells , auditory , inner","hair cells , auditory","hair cells , auditory","neurons , afferent",sensory receptor cells,neurons,retinal neurons
6382,"pancreatitis , graft",pancreatitis,pancreatitis,pancreatic diseases,digestive system diseases,digestive system neoplasms,immune system diseases
8980,turner syndrome,"heart defects , congenital; sex chromosome disorders of sex development",congenital abnormalities,"congenital , hereditary , and neonatal diseases and abnormalities","infant , newborn , diseases",cardiovascular abnormalities,reproduction
2243,"dental occlusion , balanced",dental occlusion,dental physiological phenomena,digestive system and oral physiological phenomena,tooth diseases,dentistry,mouth diseases
3422,"fractionation , field flow",chemical fractionation,physical phenomena,electrochemical techniques,magnetic phenomena,electrophoresis,mechanical phenomena
2883,enzyme replacement therapy,enzyme therapy,drug therapy,metabolic diseases,biological therapy,drug administration routes,nutritional and metabolic diseases
6956,"pregnancy complications , parasitic","parasitic diseases; pregnancy complications , infectious",pregnancy complications,infections,cardiovascular diseases,"genital diseases , female",virus diseases
5510,"microscopy , scanning tunneling","microscopy , scanning probe","microscopy , scanning probe",microscopy,"microscopy , electron",ultrasonography,diagnostic imaging
4006,healthy people programs,health promotion,health planning,health education,public health practice,health services administration,"health care quality , access , and evaluation"
5023,lipid regulating agents,therapeutic uses,physiological effects of drugs,reproductive control agents,pharmacologic actions,therapeutic uses,molecular mechanisms of pharmacological action
683,auditory fatigue,auditory threshold,signs and symptoms,neurologic manifestations,rehabilitation,brain diseases,neuromuscular diseases
3226,"fertility agents , female",fertility agents,fertility agents,reproductive control agents,physiological effects of drugs,pharmacologic actions,therapeutic uses
8178,smoking reduction,smoking; health behavior,behavior,neurons,preventive health services,neuromuscular diseases,signs and symptoms
8079,silent mutation,mutation,mutation,mutagenesis,chromosome aberrations,genetic variation,genetic phenomena
4556,"injections , jet","injections , subcutaneous",injections,drug administration routes,anesthesia and analgesia,physiological effects of drugs,circulatory and respiratory physiological phenomena
5063,liver transplantation,organ transplantation; tissue transplantation; digestive system surgical procedures,organ transplantation,transplantation,tissue transplantation,thoracic surgical procedures,liver diseases
6877,posterior capsule of the lens,"lens capsule , crystalline",eye,"lens , crystalline",anterior eye segment,retina,face
7341,reagent strips,"reagent kits , diagnostic",laboratory chemicals,diagnostic uses of chemicals,specialty uses of chemicals,chemical,biomedical and dental materials
4659,interviews as topic,data collection,data collection,epidemiologic study characteristics,study characteristics,clinical studies as topic,surveys and questionnaires
6892,postpartum hemorrhage,obstetric labor complications; uterine hemorrhage,hemorrhage,obstetric labor complications,ischemia,uterine diseases,embolism and thrombosis
2300,desert climate,climate,climate,atmosphere,meteorological concepts,weather,climatic processes
986,bone marrow,immune system,hematopoietic system,bone marrow cells,blood,transplantation,bone diseases
4691,intraoperative care,perioperative care,perioperative care,"surgical procedures , operative",patient care,minimally invasive surgical procedures,cardiovascular surgical procedures
3825,grateful med,information storage and retrieval; software,software,information systems,computer systems,computing methodologies,management information systems
4365,id,personality development,personality development,personality,intelligence,defense mechanisms,emotional intelligence
8356,spinal cord compression,spinal cord injuries,spinal cord diseases,peripheral nervous system diseases,nervous system diseases,central nervous system diseases,nervous system neoplasms
3097,eye proteins,proteins,membrane proteins,anterior eye segment,eye diseases,eye,carrier proteins
8929,tropical medicine,medicine,medicine,internal medicine,physical and rehabilitation medicine,health occupations,public health
5207,manganese compounds,inorganic chemicals,metals,inorganic chemicals,elements,"metals , heavy",transition elements
1643,clinical competence,professional competence; quality of health care,"outcome and process assessment , health care",quality of health care,"education , professional","quality assurance , health care",health care evaluation mechanisms
8767,tissue expansion devices,surgical equipment,surgical equipment,artificial organs,prosthesis implantation,equipment and supplies,orthopedic procedures
7185,public housing,housing,housing,residence characteristics,population characteristics,socioeconomic factors,"environment , controlled"
1246,caspase inhibitors,cysteine proteinase inhibitors,enzyme inhibitors,protease inhibitors,molecular mechanisms of pharmacological action,blood coagulation factor inhibitors,pharmacologic actions
4042,"heart septal defects , atrial",heart septal defects,heart septal defects,"heart defects , congenital",heart diseases,"arrhythmias , cardiac",cardiac conduction system disease
3363,"food contamination , radioactive",food contamination,food contamination,environmental pollution,environmental exposure,waste products,public health
256,air conditioning,"environment , controlled","environment , controlled",weather,temperature,climatic processes,atmosphere
3023,"evoked potentials , visual",ocular physiological phenomena; evoked potentials,evoked potentials,cortical excitability,visual perception,signal transduction,nervous system physiological phenomena
4993,ligase chain reaction,nucleic acid amplification techniques,polymerase chain reaction,nucleic acid amplification techniques,nucleic acid hybridization,molecular probe techniques,nucleic acid probes
7976,"sequence homology , nucleic acid",sequence homology,sequence homology,"polymorphism , genetic",genetic phenomena,genetic variation,genetic structures
4976,library services,library science; information services,library science,information services,publications,information science,health facility administration
5790,nasal absorption,respiratory tract absorption,"absorption , physiological",absorption,respiratory physiological phenomena,digestive system and oral physiological phenomena,circulatory and respiratory physiological phenomena
1166,"carcinoma , ovarian epithelial",carcinoma; ovarian neoplasms,carcinoma,"genital neoplasms , female",adenocarcinoma,endocrine gland neoplasms,"genital diseases , female"
333,american nurses ' association,"societies , nursing",societies,organizations,nurses,rna,health personnel
2796,employee retirement income security act,"legislation as topic; health benefit plans , employee",medicare,medical assistance,public assistance,legislation as topic,"insurance , health"
3056,expression of concern,publication components,publication formats,publication components,health care evaluation mechanisms,evaluation studies as topic,epidemiologic methods
6373,pancreatic function tests,"diagnostic techniques , digestive system","diagnostic techniques , digestive system",digestive system diseases,digestive system and oral physiological phenomena,pancreatic diseases,digestive system neoplasms
7674,rheumatology,internal medicine,internal medicine,biological science disciplines,medicine,physical and rehabilitation medicine,behavioral sciences
8500,sudden infant death,"death , sudden; infant death",death,"death , sudden",pregnancy complications,"infant , newborn , diseases",vital statistics
2688,egypt,"africa , northern",geographic locations,"asia , western",asia,europe,meteorological concepts
5670,motor vehicles,transportation,communications media,complex mixtures,equipment and supplies,vaccines,biological products
8744,tight junctions,intercellular junctions,intercellular junctions,cell membrane structures,subcellular fractions,cell membrane,cellular structures
6552,periodontal abscess,periodontitis; abscess,periodontal diseases,tooth diseases,dental physiological phenomena,central nervous system infections,quality of health care
3539,gene duplication,mutation; mutagenesis,mutagenesis,mutation,gene expression regulation,genetic variation,genetic phenomena
5616,molecular epidemiology,epidemiologic methods; epidemiology; genetic techniques; molecular medicine,genetics,clinical laboratory techniques,biology,biological science disciplines,chemistry
1006,book collecting,library science,information centers,information services,library science,information science,publications
5920,neuromuscular blocking agents,neuromuscular agents,peripheral nervous system agents,physiological effects of drugs,therapeutic uses,reproductive control agents,pharmacologic actions
7796,round ligament of femur,hip joint,bones of lower extremity,joints,skeleton,bone and bones,musculoskeletal system
1388,cerebral angiography,angiography,angiography,radiography,ultrasonography,diagnostic imaging,"diagnostic techniques , cardiovascular"
861,biomedical or dental material,chemical viewed functionally,biomedical and dental materials,dental materials,manufactured materials,biological products,pharmaceutical preparations
124,adaptor protein complex 3,"adaptor proteins , vesicular transport","adaptor proteins , vesicular transport",adaptor protein complex subunits,vesicular transport proteins,membrane proteins,antibodies
158,adiposity,body fat distribution,body weights and measures,body constitution,skin and connective tissue diseases,body size,growth
6253,organ preservation solutions,solutions,equipment and supplies,surgical equipment,biomedical and dental materials,bone diseases,food
6931,practice valuation and purchase,practice management,financial management,economics,"financing , organized",industry,professional practice
1617,circulating tumor dna,"dna , neoplasm",dna,forensic sciences,genetic structures,pharmaceutical preparations,blood proteins
1724,cold ischemia,transplantation; tissue preservation,ischemia,necrosis,weather,pathologic processes,transplantation
7218,pulmonary wedge pressure,blood pressure,respiratory function tests,circulatory and respiratory physiological phenomena,"diagnostic techniques , respiratory system",musculoskeletal physiological phenomena,respiratory physiological phenomena
2841,"endothelium , vascular",endothelium,tissues,epithelium,cardiovascular system,connective tissue,cytoplasm
7025,professional or occupational group,group,group,group processes,occupational groups,event,personnel management
8393,spontaneous perforation,"pathological conditions , anatomical",necrosis,wounds and injuries,hemorrhage,death,poisoning
5251,mass behavior,social behavior,social behavior,behavior,social problems,sociology,"psychology , social"
6085,"nursing service , hospital",hospital departments; nursing services,hospital departments,nursing services,health services,community health services,hospital administration
9062,urbanization,social change,population dynamics,residence characteristics,population characteristics,socioeconomic factors,culture
7848,"sarcoma , alveolar soft part","sarcoma; neoplasms , muscle tissue",sarcoma,"neoplasms , connective and soft tissue","neoplasms , connective tissue",connective tissue diseases,connective tissue
4581,insulin infusion systems,infusion pumps; drug delivery systems,equipment and supplies,surgical equipment,nutritional and metabolic diseases,pharmaceutical preparations,information systems
1829,"complement pathway , classical",complement activation,immune system phenomena,signal transduction,immune system,biochemical phenomena,cell physiological phenomena
8859,"transcription elongation , genetic","transcription , genetic","transcription , genetic",gene expression,gene expression regulation,mutagenesis,gene components
3589,"genes , duplicate",genes,genes,genome components,genome,"genome , microbial",mutation
7627,resuscitation orders,resuscitation; terminal care,patient care management,comprehensive health care,health planning,therapeutics,documentation
1694,coal industry,extraction and processing industry,extraction and processing industry,manufacturing industry,industry,"technology , industry , and agriculture",food industry
814,bile ducts,biliary tract,digestive system,endocrine system,digestive system diseases,veins,digestive system and oral physiological phenomena
8856,training support,financial support,financial support,"financing , government",public assistance,"financing , organized",economics
6500,"peer review , research",research; peer review; publishing; scholarly communication,evaluation studies as topic,health care evaluation mechanisms,research,"quality assurance , health care","health care quality , access , and evaluation"
9021,unified medical language system,"vocabulary , controlled",documentation,information systems,medical informatics applications,medical informatics,information services
6480,patient simulation,simulation training,"models , biological","models , theoretical",medical informatics applications,information systems,medical informatics
7143,psychological distress,emotions,behavioral symptoms,emotions,mental disorders,signs and symptoms,behavioral disciplines and activities
4167,high pressure neurological syndrome,central nervous system diseases; occupational diseases,respiratory insufficiency,respiration disorders,"signs and symptoms , respiratory",neurologic manifestations,nervous system diseases
470,ankle brachial index,blood pressure determination,physical examination,"diagnostic techniques , cardiovascular","diagnostic techniques , neurological",diagnostic techniques and procedures,musculoskeletal physiological phenomena
4217,home health nursing,community health nursing; home care services,nursing care,nursing,home care services,nursing services,patient care
2698,elder abuse,domestic violence,domestic violence,violence,crime,social problems,"financing , organized"
6857,population forecast,forecasting,health surveys,surveys and questionnaires,health status indicators,public health practice,population characteristics
6763,plant stems,"plant components , aerial",plant structures,"plant components , aerial",plants,plant physiological phenomena,root
570,arginine,"amino acids , basic; amino acids , essential","amino acids , neutral","amino acids , essential",amino acids,"amino acids , cyclic","amino acids , basic"
402,"anesthesia , inhalation","anesthesia , general",anesthesia,anesthesia and analgesia,"anesthesia , conduction",drug administration routes,respiration disorders
4999,lightning,climatic processes; weather,electricity,electromagnetic phenomena,electromagnetic radiation,magnetic phenomena,radiation
4815,l cells,fibroblasts; cell line,myeloid cells,cells,connective tissue cells,"cells , cultured",stem cells
3037,excitatory amino acid transporter 4,glutamate plasma membrane transport proteins,glutamate plasma membrane transport proteins,carrier proteins,cation transport proteins,peptides,"amino acids , peptides , and proteins"
5033,liquid crystals,manufactured materials,biomedical and dental materials,inorganic chemicals,metals,laboratory chemicals,specialty uses of chemicals
1922,continuous renal replacement therapy,renal replacement therapy,renal replacement therapy,kidney diseases,reproductive and urinary physiological phenomena,"diagnostic techniques , cardiovascular",transplantation
4017,"hearing loss , sudden",hearing loss,hearing loss,hearing disorders,ear diseases,sensation disorders,cerebrovascular disorders
907,blood donors,tissue donors,tissue donors,persons,hematologic diseases,occupational groups,health personnel
5959,night vision,"vision , ocular",vision tests,optical phenomena,ocular physiological phenomena,visual perception,light
1229,case management,patient care planning,patient care management,comprehensive health care,delivery of health care,health services administration,organization and administration
4602,insurance claim reporting,insurance,insurance,"financing , organized","insurance , health","financing , government",public assistance
2358,"diet , diabetic",diet therapy; diet,diet,"diet , food , and nutrition",diet therapy,nutritional physiological phenomena,child nutritional physiological phenomena
4612,integrin beta chains,integrins,integrins,membrane glycoproteins,protein precursors,blood coagulation factors,"receptors , cell surface"
5430,mesenteric cyst,cysts; peritoneal neoplasms,cysts,neoplasms by site,intestinal diseases,digestive system neoplasms,digestive system diseases
6411,parenting,family relations,family relations,family,pregnancy,comprehensive health care,delivery of health care
2183,"delivery of health care , integrated",delivery of health care,delivery of health care,comprehensive health care,patient care management,health planning,"insurance , health"
6364,pan american health organization,world health organization,united states public health service,health services administration,united states government agencies,federal government,health planning
3923,head kidney,animal structures,kidney diseases,reproductive and urinary physiological phenomena,head,cardiovascular system,metals
1892,"consensus development conferences , nih as topic",consensus development conferences as topic,review literature as topic,publications,publication components,information science,communications media
7447,"receptors , wnt","receptors , cell surface","receptors , cell surface","receptors , growth factor","receptors , cytoplasmic and nuclear","receptors , cytokine","receptors , peptide"
3662,"genetics , population",genetics,genetics,human genetics,microbiology,biology,biological science disciplines
4255,hospital shared services,hospital administration,hospital administration,health facility administration,hospital units,hospital departments,health facilities
3426,fracture healing,wound healing,regeneration,arthroplasty,prosthesis implantation,bone diseases,orthopedic procedures
7574,research personnel,occupational groups,occupational groups,administrative personnel,health personnel,nurses,persons
8526,support vector machine,supervised machine learning,computing methodologies,computer systems,software,artificial intelligence,algorithms
6049,nucleotide sequence,molecular sequence,base sequence,molecular sequence,"repetitive sequences , nucleic acid",molecular sequence data,"regulatory sequences , nucleic acid"
2948,erythrocyte volume,blood volume,blood volume,blood physiological phenomena,blood cells,blood,hematologic tests
6502,pelvic floor,abdominal muscles; pelvis,muscles,musculoskeletal system,skeleton,"muscle , skeletal",tissues
1959,core binding factor alpha 2 subunit,core binding factor alpha subunits,core binding factor alpha subunits,core binding factors,tissues,body constitution,body weights and measures
2031,"creatine kinase , bb form",creatine kinase,map kinase kinase kinases,carrier proteins,membrane proteins,intracellular signaling peptides and proteins,informatics
2972,essential tremor,movement disorders,neurologic manifestations,neuromuscular diseases,brain diseases,nervous system diseases,"arrhythmias , cardiac"
6244,orbital implants,root,artificial organs,surgical equipment,prosthesis implantation,skull,eye
3515,gastric artery,arteries,arteries,blood vessels,veins,cardiovascular system,vascular diseases
3869,guanine,root,organic chemicals,carbohydrates,dna,blood coagulation factors,inorganic chemicals
7090,protein disulfide reductase ( glutathione ),root,carrier proteins,"amino acids , peptides , and proteins",peptides,peptide hormones,amino acids
6300,osmotic pressure,permeability; pressure,pressure,mechanical phenomena,chemical phenomena,atmosphere,weather
9352,weed control,agriculture; pest control,pest control,plant physiological phenomena,public health practice,technology,chemical actions and uses
358,amino sugars,carbohydrates,"amino acids , cyclic",amino acids,"amino acids , essential","amino acids , neutral",carboxylic acids
800,beta particles,"radiation , ionizing",elementary particles,"radiation , ionizing",radiation,electromagnetic radiation,electromagnetic phenomena
3969,health physics,physics; environmental health,physics,natural science disciplines,biological science disciplines,science,chemistry
5844,"neoplasm , residual",neoplastic processes,neoplasms,neoplasm metastasis,neoplastic processes,neoplasms by histologic type,endocrine gland neoplasms
1539,"chromatography , agarose","chromatography , gel","chromatography , liquid",chromatography,"chemistry techniques , analytical",molecular probe techniques,chemical phenomena
8557,suspensions,root,biological products,biomedical and dental materials,complex mixtures,pharmaceutical preparations,specialty uses of chemicals
441,animal feed,"crops , agricultural",meat,food,food and beverages,nutritional physiological phenomena,"diet , food , and nutrition"
7248,quartz,silicon dioxide,minerals,calcium compounds,inorganic chemicals,metals,"metals , heavy"
5668,"motor neurons , gamma",motor neurons,"neurons , afferent",neurons,sensory receptor cells,retinal neurons,nervous system
6463,patient harm,safety,medical errors,"quality assurance , health care",pregnancy complications,environmental exposure,quality of health care
5987,noninvasive prenatal testing,liquid biopsy; prenatal diagnosis; genetic testing,clinical laboratory techniques,diagnosis,epidemiologic methods,hematologic tests,genetic techniques
4517,informal sector,private sector,social sciences,industry,manufacturing industry,sociology,organizations
293,alien hand syndrome,root,central nervous system diseases,brain diseases,cerebrovascular disorders,nervous system diseases,orthopedic procedures
8078,"silent information regulator proteins , saccharomyces cerevisiae",saccharomyces cerevisiae proteins; nuclear proteins,cytokines,glycoproteins,biological factors,blood coagulation factors,blood coagulation factor inhibitors
3180,fatty acid transport proteins,membrane transport proteins,solute carrier proteins,carrier proteins,membrane transport proteins,cation transport proteins,ion pumps
1951,copper sulfate,root,metals,"metals , light",inorganic chemicals,elements,oxygen compounds
5875,neoplastic stem cells,stem cells,stem cells,cells,neoplasms,root,neurons
8084,silk,root,manufactured materials,connective tissue,biomedical and dental materials,bone and bones,tissues
6506,pelvic neoplasms,neoplasms by site,neoplasms by site,neoplasms,neoplasms by histologic type,endocrine gland neoplasms,"neoplasms , connective and soft tissue"
1177,cardiac care facilities,"hospitals , special",ambulatory care facilities,hospital units,health facilities,hospitals,heart diseases
7083,protein c,blood proteins; blood coagulation factor inhibitors; enzyme precursors; glycoproteins,enzyme precursors,blood coagulation factors,protein precursors,glycoproteins,blood proteins
2063,cues,learning,perception,mental processes,thinking,visual perception,learning
8269,solar activity,root,weather,climatic processes,atmosphere,meteorological concepts,"environment , controlled"
5069,local lymph node assay,skin tests,therapeutics,diagnostic uses of chemicals,skin diseases,specialty uses of chemicals,skin and connective tissue diseases
2425,disease outbreaks,public health,disease attributes,virus diseases,virus physiological phenomena,infections,cardiovascular diseases
3801,golgi matrix proteins,proteins,nerve tissue proteins,glycoproteins,vesicular transport proteins,proteins,membrane proteins
3638,genetic fitness,genetic phenomena,genetic phenomena,genetic variation,biological phenomena,physiological phenomena,organism forms
8994,type vii secretion systems,bacterial secretion systems,bacterial secretion systems,protein translocation systems,cell membrane,organelles,complex mixtures
7773,robotic surgical procedures,robotics,minimally invasive surgical procedures,"surgical procedures , operative","diagnostic techniques , surgical",surgical equipment,orthopedic procedures
6072,nursing assistants,root,nursing staff,health personnel,"personnel , hospital",nurses,occupational groups
9114,"vaccines , inactivated",vaccines,vaccines,viral vaccines,bacterial vaccines,antibodies,antigens
8486,subcutaneous absorption,"absorption , physiological",absorption,"absorption , physiological",digestive system and oral physiological phenomena,skin and connective tissue diseases,tooth diseases
3111,facial paralysis,paralysis; mouth diseases,mouth diseases,cranial nerve diseases,respiration disorders,respiratory tract diseases,nervous system diseases
8643,"templates , genetic",genetic structures,"rna , messenger",gene expression,gene components,genetic structures,rna
8144,sleep arousal disorders,root,"sleep disorders , intrinsic",mental disorders,neurologic manifestations,"genital diseases , female",pregnancy complications
7886,science in the arts,art,art,language arts,communications media,health occupations,language
6464,patient health questionnaire,psychological tests; surveys and questionnaires,severity of illness index,patient acuity,health status indicators,health surveys,surveys and questionnaires
721,back,root,animal structures,embryonic structures,head,extremities,body regions
7718,"rna , mitochondrial",rna,rna,nucleic acids,natural science disciplines,chemistry,transcription factors
9002,ultrasonic therapy,root,therapeutics,rehabilitation,physical therapy modalities,"surgical procedures , operative",anesthesia and analgesia
976,bone conduction,hearing,"diagnostic techniques , neurological",musculoskeletal and neural physiological phenomena,magnetic phenomena,musculoskeletal physiological phenomena,sensation
8329,"spectrometry , gamma",spectrum analysis,spectrum analysis,radiation,electromagnetic radiation,electromagnetic phenomena,magnetic phenomena
7775,roc curve,sensitivity and specificity,"outcome assessment , health care","outcome and process assessment , health care",prognosis,diagnosis,probability
7765,rna splice sites,"rna , messenger; gene components","rna , messenger","regulatory elements , transcriptional","regulatory sequences , nucleic acid",gene components,rna
4499,infectious disease medicine,internal medicine,internal medicine,medicine,physical and rehabilitation medicine,psychiatry,public health
6687,"physical therapy department , hospital",hospital departments,hospital departments,hospital administration,health services,health facility administration,community health services
3559,gene order,genetic phenomena,genetic structures,molecular sequence,molecular sequence data,gene expression,gene components
6110,object attachment,root,emotional intelligence,emotions,behavior and behavior mechanisms,intelligence,attitude
8253,sodium glutamate,root,amino acids,"amino acids , peptides , and proteins",proteins,mental processes,glycoproteins
210,advertisement,publication components,publication components,communications media,publication formats,publications,manufactured materials
1762,colonoscopy,root,"diagnostic techniques , surgical",minimally invasive surgical procedures,diagnostic techniques and procedures,physical examination,intestinal diseases
3156,family planning policy,public policy,social control policies,public policy,regional health planning,"social control , formal",policy
5685,multicenter studies as topic,epidemiologic study characteristics,clinical studies as topic,epidemiologic study characteristics,epidemiologic studies,clinical trials as topic,evaluation studies as topic
9180,vertebral artery dissection,cerebrovascular trauma,vascular surgical procedures,spinal cord diseases,vascular diseases,cardiovascular surgical procedures,blood vessels
1498,chile,south america,south america,ecological and environmental phenomena,geographic locations,north america,united states
3449,freshwater biology,root,biology,biological science disciplines,microbiology,genetics,science
1248,catalase,root,anions,oxides,oxygen compounds,cytokines,blood coagulation factor inhibitors
3324,fluorescein angiography,angiography,diagnostic imaging,ultrasonography,angiography,tomography,microscopy
0,3 ' flanking region,gene components,"regulatory sequences , nucleic acid",base sequence,gene components,molecular structure,body regions
7289,"radiography , interventional",radiography; minimally invasive surgical procedures,endovascular procedures,minimally invasive surgical procedures,"diagnostic techniques , surgical",radiography,diagnostic techniques and procedures
3772,glycine plasma membrane transport proteins,"amino acid transport systems , neutral",organic cation transport proteins,carrier proteins,solute carrier proteins,cation transport proteins,membrane transport proteins
2867,environmental medicine,public health; preventive medicine,public health,medicine,health occupations,environment and public health,physical and rehabilitation medicine
2107,cytokine release syndrome,systemic inflammatory response syndrome,virus diseases,pathologic processes,pain,neurologic manifestations,brain diseases
4287,host factor 1 protein,integration host factors,bacterial proteins,viral structural proteins,membrane proteins,viral proteins,vesicular transport proteins
7015,problems and exercises,publication formats,education,physical therapy modalities,rehabilitation,activity,"psychology , educational"
8990,type iii secretion systems,bacterial secretion systems,bacterial secretion systems,protein translocation systems,cell membrane,protein precursors,immune system
5421,mercury compounds,inorganic chemicals,isotopes,transition elements,"metals , heavy",elements,gases
172,"adolescent , hospitalized",patients,persons,age groups,health personnel,drug therapy,occupational groups
8338,speech perception,auditory perception,auditory perception,perception,language,visual perception,communication
6248,organ culture techniques,culture techniques,culture techniques,cell culture techniques,in vitro techniques,liver diseases,reproductive techniques
7910,secretory vesicles,transport vesicles,transport vesicles,cytoplasmic vesicles,extracellular space,organelles,body fluid compartments
1840,compressed air,air; equipment and supplies,atmosphere,respiratory function tests,"diagnostic techniques , respiratory system",respiratory physiological phenomena,gases
9327,water microbiology,environmental microbiology,environmental microbiology,microbiology,biology,biological science disciplines,genetics
5399,"menopause , premature",ovarian diseases; menopause,pregnancy complications,uterine diseases,reproductive physiological phenomena,reproduction,pregnancy
3170,fat body,animal structures,body constitution,body weights and measures,body regions,lipids,skin and connective tissue diseases
2095,cyst fluid,root,cysts,uterine diseases,"pathological conditions , signs and symptoms","pathological conditions , anatomical",bone diseases
1434,chemical industry,manufacturing industry,extraction and processing industry,manufacturing industry,industry,"technology , industry , and agriculture","technology , pharmaceutical"
4979,licensed practical nurses,root,nurses,nurse practitioners,nurse specialists,health personnel,occupational groups
6281,organizational policy,social control policies,policy,social control policies,public policy,"social control , formal",health care economics and organizations
7592,respiratory burst,cell respiration,oxygen compounds,respiration disorders,oxides,anions,ions
8382,spirit possession,religion and medicine,philosophy,ethics,culture,human rights,psychological phenomena
8420,starvation,malnutrition,diet,nutritional physiological phenomena,feeding behavior,child nutritional physiological phenomena,"diet , food , and nutrition"
150,adenovirus early proteins,"oncogene proteins , viral; antigens , viral",viral proteins,viral structural proteins,membrane proteins,viruses,membrane transport proteins
2480,dna polymerase ii,root,enzymes,rna,molecular probes,biochemical phenomena,dna
2572,drug stability,"technology , pharmaceutical","technology , pharmaceutical",drug resistance,pharmacological phenomena,chemical phenomena,patient care management
6175,oncogene fusion,gene fusion,"recombination , genetic",genetic variation,genetic phenomena,mutation,immunity
5425,mesenchymal stem cell transplantation,stem cell transplantation,stem cell transplantation,cell transplantation,transplantation,tissue transplantation,organ transplantation
629,asymmetric cell division,cell division; cell differentiation,cell division,cell nucleus division,cell cycle,cell proliferation,cell physiological phenomena
7764,rna recognition motif proteins,root,protein interaction domains and motifs,protein domains,nucleic acids,protein structural elements,protein conformation
5231,map kinase kinase kinase 1,map kinase kinase kinases,map kinase kinase kinases,intracellular signaling peptides and proteins,computing methodologies,genetic techniques,carrier proteins
239,age of onset,age factors,epidemiologic factors,disease attributes,growth and development,growth,body constitution
4173,"hip dislocation , congenital",musculoskeletal abnormalities,bone diseases,musculoskeletal diseases,joint diseases,endocrine system diseases,cranial nerve diseases
7334,reactive attachment disorder,root,behavioral symptoms,mental disorders,personality development,personality,"psychology , social"
3991,health smart cards,"medical records systems , computerized; patient identification systems",biomedical and dental materials,equipment and supplies,information systems,"models , biological","diagnostic techniques , cardiovascular"
2262,dental records,records,records,medical records,dentistry,data collection,molecular sequence data
1377,central venous pressure,venous pressure,cardiovascular physiological phenomena,vascular surgical procedures,vascular diseases,anesthesia and analgesia,cardiovascular surgical procedures
3142,"failure to rescue , health care","treatment failure; outcome assessment , health care",comprehensive health care,disease attributes,postoperative complications,"insurance , health",patient care
7939,semen,bodily secretions,fluids and secretions,body fluids,bodily secretions,body fluid compartments,blood
7293,"radiology , interventional",radiology,minimally invasive surgical procedures,"surgical procedures , operative",radiography,diagnostic techniques and procedures,"pathological conditions , signs and symptoms"
690,australian capital territory,australia,australia,geographic locations,united states,north america,health planning
510,antigenic modulation,root,antigens,"antigens , surface",immune system phenomena,biological factors,"quality assurance , health care"
7087,protein deficiency,deficiency diseases,nutritional and metabolic diseases,metabolic diseases,blood coagulation disorders,nutrition disorders,glucose metabolism disorders
2556,drug monitoring,"monitoring , physiologic","monitoring , physiologic",environmental monitoring,public health practice,clinical laboratory techniques,epidemiologic methods
169,"administrative claims , healthcare",medical records,medical records,records,data collection,information management,"insurance , health"
5107,lupus vulgaris,"tuberculosis , cutaneous",mycobacterium infections,tuberculosis,bacterial infections,"genital diseases , male",respiratory tract infections
3138,"faculty , medical",faculty; health personnel,faculty,educational personnel,health personnel,occupational groups,health occupations
2612,early detection of cancer,early diagnosis,diagnostic techniques and procedures,diagnosis,physical examination,clinical laboratory techniques,neoplasms
3817,graft vs leukemia effect,graft vs tumor effect,immune system diseases,transplantation,hematologic diseases,"pathological conditions , signs and symptoms",diagnostic techniques and procedures
3962,health insurance exchanges,patient protection and affordable care act,"insurance , health",insurance,"financing , organized",public assistance,"financing , government"
3143,faith healing,spiritual therapies,religion,spiritual therapies,philosophy,complementary therapies,ethics
5705,multivariate analysis,analysis of variance,statistics as topic,mathematics,mathematical concepts,algorithms,probability
8008,sex chromatin,sex chromosomes,chromosomes,dna,cytoplasm,cell membrane,intracellular space
1169,"carcinoma , papillary , follicular","adenocarcinoma , follicular; adenocarcinoma , papillary",adenocarcinoma,carcinoma,endocrine gland neoplasms,neoplasms by histologic type,endocrine system diseases
4733,iron regulatory protein 2,root,tissues,connective tissue,skeleton,musculoskeletal system,intercellular signaling peptides and proteins
51,accessory nerve injuries,accessory nerve diseases; cranial nerve injuries,cranial nerve injuries,"trauma , nervous system",cranial nerve diseases,peripheral nervous system diseases,wounds and injuries
3674,"genome , mitochondrial",genome,genome,genome components,"genome , microbial",genes,chromosomes
2615,early growth response protein 2,early growth response transcription factors,transcription factors,intercellular signaling peptides and proteins,intracellular signaling peptides and proteins,mutation,neuromuscular diseases
9159,ventilation,"environment , controlled","environment , controlled",environment and public health,weather,environment,meteorological concepts
6739,plant,root,plants,plant structures,"crops , agricultural","plant components , aerial",plant physiological phenomena
2826,endometriosis,"genital diseases , female",uterine diseases,"genital diseases , female","genital neoplasms , female","genital diseases , male",breast diseases
9196,veterans health,health,health,epidemiologic factors,population characteristics,disease attributes,immunity
1227,"cartilage , articular",joints,musculoskeletal system,skeleton,connective tissue,muscles,joints
4884,lateral thalamic nuclei,thalamic nuclei,thalamus,thalamic nuclei,cerebral cortex,central nervous system,"neurons , afferent"
8227,"social work , psychiatric",mental health services; social work,behavioral disciplines and activities,group processes,"psychology , social",clinical study,psychotherapy
3739,global warming,climate change,climate change,climatic processes,weather,meteorological concepts,ecological and environmental phenomena
4153,hereditary breast and ovarian cancer syndrome,"breast neoplasms; ovarian neoplasms; neoplastic syndromes , hereditary",breast diseases,"genital neoplasms , female",pregnancy complications,"genital diseases , female","genital diseases , male"
1662,"clinical trial , phase ii",clinical trial,clinical trial,clinical study,study characteristics,publication formats,epidemiologic study characteristics
3498,gambling,root,behavior,social behavior,probability,activity,social problems
5807,natural cytotoxicity triggering receptor 1,"receptors , natural cytotoxicity triggering","receptors , natural cytotoxicity triggering","receptors , natural killer cell","receptors , cytokine","receptors , cytoplasmic and nuclear","receptors , cell surface"
4171,hip,lower extremity,lower extremity,body regions,extremities,skeleton,sense organs
404,"anesthesia , local","anesthesia , conduction","anesthesia , conduction",anesthesia,anesthesia and analgesia,drug administration routes,nervous system diseases
5387,"memory , episodic",memory,memory,perception,mental processes,information management,entity
8973,"tumor necrosis factor receptor superfamily , member 7","receptors , tumor necrosis factor","receptors , tumor necrosis factor","receptors , cytokine","receptors , cell surface","receptors , cytoplasmic and nuclear",membrane glycoproteins
5596,"models , genetic","models , biological","models , molecular","models , theoretical","models , biological","models , statistical",artificial intelligence
4730,iron isotopes,isotopes; iron,transition elements,"metals , heavy",isotopes,elements,metals
6870,portal vein,portal system,portal system,veins,blood vessels,cardiovascular system,arteries
6868,portal pressure,venous pressure,cardiovascular physiological phenomena,vascular surgical procedures,vascular diseases,circulatory and respiratory physiological phenomena,cardiovascular surgical procedures
4695,intrauterine devices,"contraceptive devices , female",contraceptive devices,equipment and supplies,surgical equipment,"genital diseases , female",reproductive physiological phenomena
3523,gastric lavage,therapeutic irrigation,respiratory function tests,anesthesia and analgesia,"diagnostic techniques , respiratory system",circulatory and respiratory physiological phenomena,respiratory physiological phenomena
3445,freeze substitution,freeze drying,therapeutics,chemical phenomena,physical and rehabilitation medicine,insurance,"financing , organized"
468,anisotropy,chemical phenomena; optical phenomena,optical phenomena,spectrum analysis,physical phenomena,electromagnetic phenomena,magnetic phenomena
7557,reproductive health,health,health,epidemiologic factors,population characteristics,public health,pregnancy
8711,thumb,fingers,mouth,face,extremities,sense organs,head
1577,"chromosomes , human , pair 10",root,"chromosomes , human , 1-3","chromosomes , human","chromosomes , mammalian",chromosomes,computing methodologies
9350,web browser,information storage and retrieval; software,computing methodologies,computer systems,software,artificial intelligence,information systems
8726,thyroid function tests,"diagnostic techniques , endocrine","diagnostic techniques , endocrine",clinical chemistry tests,diagnostic techniques and procedures,clinical laboratory techniques,endocrine system diseases
2696,elbow joint,joints,hand joints,joints,skeleton,musculoskeletal system,joint diseases
910,blood glucose,glucose,glucose metabolism disorders,hematologic diseases,communications media,blood physiological phenomena,nutritional and metabolic diseases
4296,household products,"technology , industry , and agriculture",food,food and beverages,plant preparations,biological products,complex mixtures
2386,digestive system abnormalities,digestive system diseases; congenital abnormalities,digestive system diseases,digestive system neoplasms,pancreatic diseases,"infant , newborn , diseases","congenital , hereditary , and neonatal diseases and abnormalities"
2001,corticosterone,root,"hormones , hormone substitutes , and hormone antagonists",hormone antagonists,hormones,peptide hormones,physiological effects of drugs
5373,melatonin,hormones,amines,biological factors,alcohols,pharmacologic actions,chemical actions and uses
6704,phytoplankton,root,organism forms,plants,cells,biological factors,animals
7369,"receptors , ccr","receptors , chemokine","receptors , cytokine","receptors , growth factor","receptors , cell surface","receptors , cytoplasmic and nuclear","receptors , peptide"
8723,thyroid crisis,root,endocrine system diseases,cardiovascular diseases,pathologic processes,disease attributes,pregnancy complications
1209,caregivers,persons; health personnel,health personnel,occupational groups,"personnel , hospital",nurses,persons
4810,knowledge discovery,research,research,information science,science,informatics,information management
1313,cell line authentication,cell culture techniques,epidemiologic study characteristics,carcinoma,clinical laboratory techniques,cell physiological phenomena,diagnosis
2362,"diet , reducing",diet; diet therapy,diet,"diet , food , and nutrition",nutritional physiological phenomena,health behavior,preventive health services
2032,"creatine kinase , mb form",creatine kinase,map kinase kinase kinases,membrane proteins,carrier proteins,intracellular signaling peptides and proteins,membrane transport proteins
6425,"partnership practice , dental",partnership practice,professional practice,dentistry,tooth diseases,epidemiologic study characteristics,"psychology , social"
4232,"hormones , ectopic","hormones; biomarkers , tumor",hormones,"hormones , hormone substitutes , and hormone antagonists",peptide hormones,pituitary hormones,hormone antagonists
4065,helping behavior,social behavior,social behavior,behavior,"psychology , social",social problems,human activities
242,agent orange,root,plant preparations,plants,oils,biological factors,chemical actions and uses
4758,jet lag syndrome,"sleep disorders , circadian rhythm",epilepsy,mental disorders,neurologic manifestations,respiration disorders,brain diseases
7152,"psychology , child",psychology,psychology,"psychology , applied","psychology , educational","psychology , industrial","psychology , social"
2470,"dna degradation , necrotic",necrosis; dna damage,necrosis,dna,pathologic processes,skin and connective tissue diseases,cerebrovascular disorders
893,blood banks,biological specimen banks,biological specimen banks,hematologic diseases,hematologic tests,equipment and supplies,health facilities
8567,swine vesicular disease,swine diseases,swine diseases,intestinal diseases,digestive system neoplasms,digestive system diseases,gene components
8629,technical report,publication formats,study characteristics,publication formats,clinical study,research,publication components
7521,religion and sex,religion,religion,culture,ethics,transplantation,philosophy
1680,"cloning , organism",reproductive techniques; genetic techniques,reproductive techniques,organism forms,genetic techniques,clinical laboratory techniques,biological phenomena
8823,tooth mobility,periodontal diseases; dental physiological phenomena,dental physiological phenomena,tooth diseases,periodontal diseases,digestive system and oral physiological phenomena,mechanical phenomena
5960,nitrate reductase,root,sulfur compounds,nitrogen compounds,oxygen compounds,oxides,ions
2427,disease reservoirs,public health,disease attributes,public health,environmental exposure,health,environment and public health
6193,open fracture reduction,fracture fixation,"fractures , bone",orthopedic procedures,prosthesis implantation,minimally invasive surgical procedures,bone diseases
4859,laparotomy,"surgical procedures , operative",wounds and injuries,minimally invasive surgical procedures,"pathological conditions , anatomical",orthopedic procedures,body regions
8949,"tuberculosis , endocrine",endocrine system diseases; tuberculosis,tuberculosis,mycobacterium infections,bacterial infections,animal diseases,endocrine system diseases
2512,doping in sports,social problems,sports,violence,crime,preventive health services,movement
508,antifungal agents,root,pharmacologic actions,chemical actions and uses,molecular mechanisms of pharmacological action,therapeutic uses,physiological effects of drugs
8641,telomere shortening,cellular senescence; dna replication,mutagenesis,mutation,growth and development,pathologic processes,growth
8916,travel medicine,medicine,public health,medicine,health occupations,physical and rehabilitation medicine,public health practice
1375,central tolerance,self tolerance,immune tolerance,immune system phenomena,immunity,immune system,microbiological phenomena
7254,rabbits,root,animals,vertebrates,animal population groups,"animals , laboratory","animals , inbred strains"
4766,joint instability,joint diseases,joint diseases,arthritis,musculoskeletal diseases,neuromuscular diseases,orthopedic procedures
5008,limited english proficiency,communication barriers,language disorders,communication disorders,language arts,language,communication
7597,"respiratory distress syndrome , newborn","infant , premature , diseases; respiration disorders; lung diseases",respiration disorders,"signs and symptoms , respiratory",respiratory tract diseases,"congenital , hereditary , and neonatal diseases and abnormalities","diagnostic techniques , respiratory system"
4250,hospital mortality,mortality,mortality,vital statistics,health status indicators,health surveys,surveys and questionnaires
216,affective symptoms,behavioral symptoms,behavioral symptoms,emotions,mental disorders,signs and symptoms,behavior and behavior mechanisms
1140,carbohydrate sequence,molecular sequence; molecular sequence data; molecular structure,molecular sequence,amino acid sequence,molecular structure,base sequence,molecular sequence data
8548,surgical wound infection,wound infection; postoperative complications,infections,central nervous system infections,virus diseases,wounds and injuries,bacterial infections
5842,neonatal screening,mass screening; clinical laboratory techniques,mass screening,diagnostic techniques and procedures,diagnostic services,diagnosis,"diagnostic techniques , neurological"
2587,dry socket,mouth diseases,tooth diseases,periodontal diseases,dental physiological phenomena,bone diseases,mouth diseases
3003,ethnic violence,violence,violence,domestic violence,crime,social problems,sociology
4863,laryngeal mucosa,respiratory mucosa,epithelial cells,"neurons , afferent",neurons,head,peripheral nervous system
4658,"interview , psychological",psychological techniques,psychological tests,behavioral disciplines and activities,diagnostic techniques and procedures,diagnosis,"psychology , educational"
5337,"medical staff , hospital","medical staff; personnel , hospital",physician assistants,"personnel , hospital",health personnel,occupational groups,nurses
5195,mandatory reporting,disclosure; mandatory programs,financial management,records,crime,conceptual entity,"financing , organized"
6183,online social networking,social networking,social networking,communication,information science,informatics,medical informatics
4668,intestinal perforation,intestinal diseases,intestinal diseases,colonic diseases,digestive system diseases,fistula,wounds and injuries
2177,delayed emergence from anesthesia,postoperative complications,anesthesia,anesthesia and analgesia,signs and symptoms,neurologic manifestations,respiration disorders
2282,dentin solubility,dental physiological phenomena,dental physiological phenomena,tooth diseases,periodontal diseases,tooth components,digestive system and oral physiological phenomena
5517,microtubules,cytoskeleton,cytoskeleton,cytoplasmic structures,organelles,cytoplasm,plant structures
1054,breast carcinoma in situ,carcinoma in situ; breast neoplasms,breast neoplasms,carcinoma,adenocarcinoma,breast diseases,"genital diseases , female"
4489,infant welfare,social welfare,infant care,child care,child welfare,social welfare,community health services
4793,kidney transplantation,organ transplantation; renal replacement therapy,organ transplantation,transplantation,tissue transplantation,kidney diseases,lung diseases
7703,rituximab,root,molecular mechanisms of pharmacological action,therapeutic uses,pharmacologic actions,physiological effects of drugs,blood coagulation factor inhibitors
8068,sign or symptom,finding,phenomenon or process,signs and symptoms,natural phenomenon or process,"pathological conditions , signs and symptoms",biologic function
2448,"dna , antisense",dna; antisense elements ( genetics ),dna,nucleic acid probes,molecular probes,nucleic acids,rna
335,american revolution,armed conflicts,armed conflicts,legislation as topic,asia,social sciences,"social control , formal"
1763,colony collapse,biological phenomena,microbiological phenomena,virus physiological phenomena,physiological phenomena,disease attributes,environmental exposure
8788,tobacco use disorder,root,drug therapy,crime,mental disorders,behavior,pharmacological phenomena
4802,kinetics,mechanical phenomena; biochemical phenomena,biophysical phenomena,physical phenomena,magnetic phenomena,mechanical phenomena,chemical phenomena
7309,"randomized controlled trial , veterinary","clinical trial , veterinary",randomized controlled trial,controlled clinical trial,clinical trial,clinical study,study characteristics
2566,"drug resistance , multiple , fungal","drug resistance , fungal; drug resistance , multiple","drug resistance , multiple","drug resistance , microbial",drug resistance,microbiological phenomena,disease attributes
6501,pelvic bones,bones of lower extremity,bone and bones,bones of lower extremity,skeleton,skull,joints
4371,iga deficiency,root,blood coagulation disorders,hemorrhagic disorders,"blood coagulation disorders , inherited",hematologic diseases,glucose metabolism disorders
6503,pelvic floor disorders,pregnancy complications,neuromuscular diseases,musculoskeletal diseases,vascular diseases,musculoskeletal physiological phenomena,orthopedic procedures
3317,flow cytometry,cell separation,culture techniques,reproductive techniques,"surgical procedures , operative","pathological conditions , signs and symptoms",clinical laboratory techniques
4879,latent tuberculosis,tuberculosis,tuberculosis,mycobacterium infections,bacterial infections,clinical laboratory techniques,liver diseases
4898,lecture,publication formats,publication formats,clinical study,study characteristics,publication components,psychotherapy
2963,esophageal perforation,wounds and injuries; esophageal diseases,esophageal diseases,wounds and injuries,"pathological conditions , anatomical",skin and connective tissue diseases,"surgical procedures , operative"
2307,device removal,"surgical procedures , operative",prosthesis implantation,arthroplasty,orthopedic procedures,minimally invasive surgical procedures,"surgical procedures , operative"
2593,duodenal neoplasms,intestinal neoplasms; duodenal diseases,duodenal diseases,intestinal neoplasms,intestinal diseases,digestive system neoplasms,colonic diseases
1639,clinical attribute,organism attribute,phenomenon or process,conceptual entity,entity,natural phenomenon or process,biologic function
1536,chromatin,chromosome structures,chromosomes,dna,molecular conformation,molecular structure,genetic structures
821,biliary tract surgical procedures,digestive system surgical procedures,digestive system surgical procedures,minimally invasive surgical procedures,"diagnostic techniques , surgical",thoracic surgical procedures,"surgical procedures , operative"
2812,end stage liver disease,liver failure,liver diseases,hepatic insufficiency,liver cirrhosis,"liver diseases , alcoholic",liver failure
6014,nuclear medicine,radiology,internal medicine,medicine,psychiatry,physical and rehabilitation medicine,natural science disciplines
7062,prostatic hyperplasia,prostatic diseases,reproductive and urinary physiological phenomena,pathologic processes,necrosis,"genital diseases , female","genital diseases , male"
3538,gene drive technology,directed molecular evolution,genetic engineering,genetic techniques,technology,"technology , pharmaceutical",biophysical phenomena
4964,"libraries , digital","online systems; libraries , special","libraries , special",libraries,information centers,information services,information science
2357,"diet , carbohydrate loading",diet therapy; diet,diet,nutritional physiological phenomena,"diet , food , and nutrition",metabolism,food
5537,military personnel,occupational groups,occupational groups,administrative personnel,educational personnel,health personnel,nurses
6263,organic cation transporter 1,organic cation transport proteins,cation transport proteins,solute carrier proteins,ion pumps,membrane transport proteins,ions
3401,forensic nursing,forensic sciences,nursing,nursing care,forensic sciences,professional practice,medicine
6903,"potassium channels , tandem pore domain",potassium channels,ion channels,neurons,metals,transcription factors,elements
1585,"chromosomes , human , pair 18",root,"chromosomes , human , 1-3","chromosomes , human",chromosomes,mutation,eye diseases
3359,food assistance,public assistance; relief work,public assistance,medical assistance,"financing , government",social welfare,"financing , organized"
1952,copper transport proteins,cation transport proteins,solute carrier proteins,cation transport proteins,ion pumps,membrane transport proteins,carrier proteins
3537,gene dosage,genotype,gene expression regulation,mutation,mutagenesis,genetic variation,genetic phenomena
4827,"laboratories , dental",dental facilities,dentistry,forensic sciences,health facilities,hospital departments,laboratory chemicals
2170,deep sedation,anesthesia and analgesia,signs and symptoms,neurologic manifestations,mental disorders,respiration disorders,pregnancy complications
1332,cell polarity,cell physiological phenomena,cell physiological phenomena,immune system phenomena,cellular structures,intestinal diseases,cardiovascular physiological phenomena
9164,"ventricular dysfunction , left",ventricular dysfunction,ventricular dysfunction,heart failure,heart diseases,ventricular outflow obstruction,heart valve diseases
7734,"rna , transfer , glu",root,rna,nucleic acids,proteins,carrier proteins,blood proteins
1600,"chromosomes , plant",plant structures; chromosomes,chromosomes,"chromosomes , artificial","chromosomes , mammalian",sex chromosomes,plant structures
2086,cyclic imp,"nucleotides , cyclic",carbohydrates,rna,organic chemicals,blood coagulation factor inhibitors,cytoplasmic structures
609,ascorbic acid,sugar acids,dietary carbohydrates,carbohydrates,carboxylic acids,"amino acids , essential",amino acids
9020,unfolded protein response,root,biochemical phenomena,pharmacological phenomena,biophysical phenomena,immune system phenomena,intracellular signaling peptides and proteins
6324,ovulation induction,"reproductive techniques , assisted",reproduction,reproductive techniques,"reproductive techniques , assisted",reproductive physiological phenomena,pregnancy
5418,menu planning,"food services; food service , hospital",food technology,food industry,"diet , food , and nutrition",nutritional physiological phenomena,food and beverages
6547,period circadian proteins,circadian rhythm signaling peptides and proteins,intracellular signaling peptides and proteins,membrane proteins,membrane glycoproteins,transcription factors,intercellular signaling peptides and proteins
8081,silicon,root,elements,"metals , light",metals,"metals , heavy",transition elements
2110,cytoplasmic granules,cytoplasmic vesicles; cytoplasmic structures,cytoplasmic structures,organelles,cytoplasmic vesicles,cytoskeleton,cytoplasm
3383,foot,lower extremity,lower extremity,joints,extremities,skeleton,musculoskeletal system
7799,rrna operon,operon,genome components,"repetitive sequences , nucleic acid",genome,base sequence,"regulatory sequences , nucleic acid"
9238,virus integration,virus physiological phenomena; genetic phenomena,"recombination , genetic",bacterial physiological phenomena,microbiological phenomena,virus physiological phenomena,dna
961,body space or junction,spatial concept,anatomical structure,cellular structures,body fluid compartments,intracellular space,body regions
9229,virulence,microbiological phenomena,physiological phenomena,biological factors,organism forms,biological phenomena,immunity
7402,"receptors , kir","receptors , natural killer cell","receptors , cytokine","receptors , cell surface","receptors , tumor necrosis factor","receptors , cytoplasmic and nuclear","receptors , growth factor"
9047,united states virgin islands,root,islands,pacific states,north america,united states,geographic locations
551,apoptosis inducing factor,apoptosis regulatory proteins,apoptosis regulatory proteins,blood coagulation factor inhibitors,biological factors,blood coagulation factors,molecular mechanisms of pharmacological action
786,behavioral research,behavioral sciences; research,biomedical research,research,behavioral sciences,science,genetics
7747,"rna , viral",rna,rna,"rna , messenger",nucleic acids,public health practice,microbiological phenomena
129,adaptor protein complex gamma subunits,adaptor protein complex subunits,adaptor protein complex subunits,"adaptor proteins , vesicular transport",vesicular transport proteins,membrane proteins,antibodies
3745,glucose clamp technique,"chemistry techniques , analytical; blood chemical analysis",glucose metabolism disorders,nutritional and metabolic diseases,metabolic diseases,hematologic tests,clinical laboratory techniques
3612,"genes , pol","genes , viral","genes , viral","genes , microbial",genes,genome components,gene components
6492,pediatric nurse practitioners,nurse practitioners,nurses,nurse specialists,health personnel,occupational groups,protein conformation
7842,salvage therapy,therapeutics,therapeutics,biological therapy,drug therapy,rehabilitation,"surgical procedures , operative"
2704,electric impedance,electric conductivity,electrical equipment and supplies,electromagnetic phenomena,magnetic phenomena,electrochemical techniques,electrophoresis
8538,"surgery department , hospital",hospital departments,hospital departments,hospital administration,"surgical procedures , operative",health services,health facility administration
502,antibody affinity,immune system phenomena,immune system phenomena,antibodies,immunity,biochemical phenomena,perception
8492,substance abuse treatment centers,community health centers; rehabilitation centers,ambulatory care facilities,health facilities,health services,hospitals,community health services
3371,food microbiology,food contamination; environmental microbiology,biology,microbiology,biological science disciplines,genetics,physiological phenomena
6715,pituitary function tests,"diagnostic techniques , endocrine","diagnostic techniques , endocrine","diagnostic techniques , neurological",diagnostic techniques and procedures,endocrine system diseases,clinical laboratory techniques
3758,glutamate synthase ( nadh ),root,metabolism,molecular mechanisms of pharmacological action,blood coagulation factor inhibitors,amino acids,biochemical phenomena
75,"acidosis , renal tubular",acidosis,renal insufficiency,kidney diseases,metabolic diseases,endocrine system diseases,nutritional and metabolic diseases
638,atlas,publication formats,publication components,publication formats,"models , biological","models , theoretical",statistics as topic
28,"abortion , missed","abortion , spontaneous","abortion , spontaneous",pregnancy complications,obstetric surgical procedures,death,pregnancy
5097,"lung diseases , interstitial",lung diseases,lung diseases,"lung diseases , obstructive",respiratory tract infections,respiratory tract diseases,respiratory tract neoplasms
9204,video games,software,communications media,computer systems,artificial intelligence,computing methodologies,information science
7486,regional blood flow,blood circulation,blood circulation,blood physiological phenomena,circulatory and respiratory physiological phenomena,cardiovascular physiological phenomena,reproductive and urinary physiological phenomena
2435,"disorder of sex development , 46 , xy",disorders of sex development,disorders of sex development,"genital diseases , male","genital diseases , female",reproductive physiological phenomena,mental disorders
7132,pseudomonas aeruginosa,pseudomonas,mycobacterium infections,bacterial infections,tuberculosis,skin diseases,biological factors
411,"aneurysm , false",aneurysm,aneurysm,myocardial ischemia,heart diseases,pathologic processes,psychological phenomena
984,"bone diseases , infectious",bone diseases; infections,bone diseases,bone neoplasms,periodontal diseases,bone and bones,musculoskeletal diseases
775,bees,root,animals,animal population groups,organism forms,cells,government agencies
8052,shoulder dislocation,shoulder injuries,orthopedic procedures,joint diseases,musculoskeletal physiological phenomena,musculoskeletal diseases,"fractures , bone"
6053,numbers needed to treat,sample size,health status indicators,vital statistics,health surveys,surveys and questionnaires,prognosis
5019,lipid droplets,organelles,subcellular fractions,organelles,cellular structures,cell membrane,cytoplasmic structures
3396,foreign medical graduates,foreign professional personnel; physicians,physicians,health personnel,nurses,occupational groups,health occupations
785,behavioral medicine,behavioral sciences; medicine,physical and rehabilitation medicine,medicine,behavioral sciences,psychiatry,behavioral disciplines and activities
6806,pleural cavity,thoracic cavity,respiratory system,respiratory tract diseases,face,head,respiratory tract infections
1703,cochlear implants,hearing aids,electrical equipment and supplies,neurons,surgical equipment,equipment and supplies,radiation
1236,caspase 10,root,apoptosis regulatory proteins,membrane proteins,eye diseases,biochemical phenomena,medical informatics
4953,leukocyte rolling,"chemotaxis , leukocyte",movement,locomotion,musculoskeletal physiological phenomena,connective tissue,mechanical phenomena
7345,"receptor , angiotensin , type 1","receptors , angiotensin","receptors , angiotensin","receptors , peptide","receptors , growth factor","receptors , cell surface","receptors , cytokine"
5721,muscle stretching exercises,exercise; exercise therapy,exercise therapy,orthopedic procedures,physical therapy modalities,musculoskeletal physiological phenomena,joint diseases
5228,map kinase kinase 5,root,map kinase kinase kinases,intracellular signaling peptides and proteins,"receptors , peptide",medical informatics,informatics
7271,radiation leukemia virus,"leukemia virus , murine",virus diseases,neoplasms,viruses,neoplasms by histologic type,ions
9361,west virginia,root,united states,great lakes region,pacific states,cities,north america
872,bipolar disorder,bipolar and related disorders,mental disorders,mood disorders,behavioral symptoms,disease attributes,drug therapy
6304,"osteoarthritis , spine",osteoarthritis,bone diseases,musculoskeletal diseases,bone neoplasms,joint diseases,arthritis
2999,ethics consultation,referral and consultation; ethical review,"ethics , professional",ethics,philosophy,professional practice,epidemiologic study characteristics
6095,nutrition policy,health policy,policy,"diet , food , and nutrition",diet,health care economics and organizations,nutritional physiological phenomena
6922,"practice , psychological",learning,psychological tests,behavioral disciplines and activities,activity,physical therapy modalities,learning
5907,neural tube,embryonic structures,neural pathways,spinal cord,central nervous system,nervous system,embryonic structures
7767,rna splicing factors,root,rna,"rna , messenger",blood coagulation factor inhibitors,nucleic acids,biological factors
3187,"fatty liver , alcoholic","liver diseases , alcoholic; fatty liver","liver diseases , alcoholic",liver diseases,hepatic insufficiency,hepatitis,digestive system diseases
9186,vesicular glutamate transport protein 2,vesicular glutamate transport proteins,glutamate plasma membrane transport proteins,carrier proteins,"amino acids , peptides , and proteins",proteins,peptides
189,"adrenal hyperplasia , congenital",adrenal gland diseases,endocrine system diseases,endocrine gland neoplasms,metabolic diseases,"infant , newborn , diseases",nutritional and metabolic diseases
4764,joint capsule release,root,orthopedic procedures,arthroplasty,joint diseases,musculoskeletal diseases,prosthesis implantation
4646,international health regulations,"legislation , medical; health policy",public health practice,primary prevention,legislation as topic,public health,"social control , formal"
1292,cell body,cellular structures,cellular structures,intracellular space,subcellular fractions,cytoplasm,body fluid compartments
2292,"depressive disorder , major",depressive disorder,depressive disorder,mood disorders,behavioral symptoms,mental disorders,signs and symptoms
5651,mosaic viruses,plant viruses,viruses,defective viruses,hepatitis viruses,encephalitis viruses,rna viruses
1495,child rearing,behavior and behavior mechanisms,education,morphogenesis,"psychology , educational","education , professional",growth and development
5106,"lupus erythematosus , systemic",connective tissue diseases; autoimmune diseases,skin diseases,skin and connective tissue diseases,connective tissue diseases,immune system diseases,"pathological conditions , signs and symptoms"
8364,spinal cord stimulation,electric stimulation therapy,physical therapy modalities,musculoskeletal and neural physiological phenomena,anesthesia and analgesia,musculoskeletal physiological phenomena,nervous system physiological phenomena
771,bed occupancy,health facilities,health services accessibility,delivery of health care,comprehensive health care,patient care,health planning
2077,curcumin,root,specialty uses of chemicals,oils,plant preparations,laboratory chemicals,biological products
5544,milk proteins,"milk; animal proteins , dietary",dairy products,blood proteins,dietary proteins,peptides,bodily secretions
8110,skin abnormalities,congenital abnormalities; skin diseases,congenital abnormalities,"congenital , hereditary , and neonatal diseases and abnormalities",skin diseases,retinal diseases,sensation disorders
3109,facial nucleus,root,mouth,face,nose,jaw,facial bones
3536,gene deletion,sequence deletion,sequence deletion,mutation,mutagenesis,genetic variation,genetic phenomena
3754,"glue proteins , drosophila",salivary proteins and peptides; drosophila proteins,plant proteins,blood proteins,peptides,proteins,carrier proteins
1222,carotid sinus,carotid arteries,cerebrovascular disorders,brain diseases,peripheral nervous system,lipids,nervous system
6207,ophthalmic solutions,pharmaceutical solutions,solutions,specialty uses of chemicals,biomedical and dental materials,physical and rehabilitation medicine,eye diseases
4933,lethal dose 50,toxicity tests,toxicity tests,environmental exposure,poisoning,toxic actions,pharmacological phenomena
3733,"glaucoma , neovascular",glaucoma,optic nerve diseases,retinal diseases,eye diseases,cranial nerve diseases,eye
2583,"drugs , essential",pharmaceutical preparations,pharmaceutical preparations,biological products,plant preparations,physiological effects of drugs,biomedical and dental materials
4506,"infertility , female",infertility,infertility,"genital diseases , female","genital neoplasms , female","genital diseases , male",uterine diseases
7921,selection bias,bias,data collection,epidemiologic research design,epidemiologic methods,evaluation studies as topic,research
3021,"evoked potentials , motor",evoked potentials,evoked potentials,nervous system physiological phenomena,cortical excitability,musculoskeletal and neural physiological phenomena,magnetic phenomena
1661,"clinical trial , phase i",clinical trial,clinical trial,clinical study,study characteristics,publication formats,idea or concept
8705,thoracic wall,thorax,musculoskeletal system,muscles,extremities,body regions,skeleton
3853,growth charts,reference standards,growth,body size,growth and development,body weight,morphogenesis
1759,"colonic diseases , functional",colonic diseases,colonic diseases,colitis,intestinal diseases,immune system diseases,digestive system diseases
7029,professional review organizations,"quality assurance , health care; quality of health care",organizations,health care evaluation mechanisms,"quality assurance , health care",evaluation studies as topic,societies
532,ants,root,animals,organism forms,animal population groups,"animals , laboratory",viruses
3473,fungal vaccines,vaccines,vaccines,viral vaccines,bacterial vaccines,antigens,biological products
7585,resource guide,publication formats,documentation,information services,molecular sequence data,information management,publication components
3412,formic acid esters,root,carbohydrates,polysaccharides,carboxylic acids,organic chemicals,alcohols
5570,mitochondrial membrane transport proteins,mitochondrial proteins; membrane transport proteins,proton pumps,ion pumps,solute carrier proteins,membrane transport proteins,cation transport proteins
8456,streptococcus pneumoniae,streptococcus,bacterial infections,mycobacterium infections,respiratory tract infections,antigens,biological products
74,"acidosis , lactic",acidosis,metabolic diseases,nutritional and metabolic diseases,pathologic processes,metabolism,amino acids
1050,brazil,south america,south america,geographic locations,asia,europe,north america
6307,"osteoporosis , postmenopausal",osteoporosis,metabolic diseases,nutritional and metabolic diseases,musculoskeletal diseases,bone diseases,endocrine system diseases
8419,starch,dietary carbohydrates,dietary carbohydrates,carbohydrates,polysaccharides,alcohols,organic chemicals
3161,family therapy,"psychotherapy , group","psychotherapy , group",psychotherapy,group processes,"psychology , social",complementary therapies
2018,cpg islands,genome components; gc rich sequence,chromosomes,cytoplasmic structures,nucleic acids,islands,rna
9045,united states social security administration,united states government agencies,public assistance,"financing , government",medical assistance,"financing , organized",united states government agencies
