query_theta,query_psi1,query_psi2,pred1_theta,pred1_psi1,pred1_psi2,pred2_theta,pred2_psi1,pred2_psi2,pred3_theta,pred3_psi1,pred3_psi2
2.579155921936035,1.480359435081482,1.598183274269104,2.9009244441986084,1.4742368459701538,1.5754972696304321,2.454810857772827,1.4561368227005005,1.6243200302124023,2.545071601867676,1.4150352478027344,1.642592191696167
5.08165979385376,1.5532774925231934,1.603460669517517,6.232749938964844,1.506735920906067,1.6092616319656372,0.8417239189147949,1.5764827728271484,1.5438863039016724,0.9197144508361816,1.4625686407089233,1.647274136543274
3.3306217193603516,1.4037551879882812,1.5927455425262451,3.246565341949463,1.4264904260635376,1.591381311416626,3.404435396194458,1.3952099084854126,1.6054246425628662,3.3193955421447754,1.4508455991744995,1.5645917654037476
0.7836878299713135,1.7162891626358032,1.5048935413360596,0.6352245807647705,1.7074415683746338,1.5246102809906006,1.4930397272109985,1.6763187646865845,1.5232082605361938,0.8858723640441895,1.6273622512817383,1.5694153308868408
2.6546685695648193,1.5822181701660156,1.4182138442993164,2.802255392074585,1.5886844396591187,1.452805995941162,2.889829158782959,1.5949251651763916,1.468414306640625,2.4056150913238525,1.575736165046692,1.401381015777588
1.2879613637924194,1.552704095840454,1.7172950506210327,1.9448906183242798,1.5357983112335205,1.6804689168930054,0.21203231811523438,1.600088357925415,1.7185786962509155,1.4140735864639282,1.5632109642028809,1.7312146425247192
3.074981689453125,1.5064798593521118,1.5919138193130493,2.987114667892456,1.5901672840118408,1.5476487874984741,3.1852736473083496,1.5012738704681396,1.5427570343017578,3.2142066955566406,1.5323129892349243,1.5575556755065918
4.918046951293945,1.5072171688079834,1.6951284408569336,5.442483901977539,1.4946073293685913,1.6966652870178223,6.0162506103515625,1.4717457294464111,1.6743131875991821,4.853647708892822,1.5686798095703125,1.6232589483261108
4.5054473876953125,1.5714689493179321,1.4568634033203125,3.6809699535369873,1.6484181880950928,1.432063341140747,3.712197780609131,1.5091909170150757,1.4884730577468872,3.0755679607391357,1.4856256246566772,1.5078459978103638
3.394444227218628,1.3839517831802368,1.5425423383712769,5.855356693267822,1.3832008838653564,1.5624154806137085,2.0843687057495117,1.383623480796814,1.5239651203155518,0.8425822257995605,1.396817684173584,1.558276653289795
3.185621500015259,1.5050784349441528,1.4898462295532227,3.8920910358428955,1.4862051010131836,1.552022099494934,2.584599494934082,1.544040560722351,1.4971343278884888,3.0636370182037354,1.548527479171753,1.5863373279571533
4.540972709655762,1.673301100730896,1.5168553590774536,4.135258197784424,1.661805272102356,1.5592700242996216,4.117844104766846,1.644697666168213,1.5491243600845337,4.789524555206299,1.7345997095108032,1.5750586986541748
2.9276058673858643,1.7103055715560913,1.4828356504440308,3.1993627548217773,1.782865047454834,1.4785678386688232,2.5210835933685303,1.7937226295471191,1.4682966470718384,2.4360191822052,1.7511579990386963,1.5135524272918701
1.970038652420044,1.563642978668213,1.49909245967865,1.694671869277954,1.6121705770492554,1.48723566532135,1.545709490776062,1.5419353246688843,1.5020177364349365,1.9991816282272339,1.5725728273391724,1.541321039199829
2.291433095932007,1.5999414920806885,1.5464786291122437,2.4194819927215576,1.5980303287506104,1.5150072574615479,1.975067138671875,1.6177130937576294,1.5614537000656128,2.276160717010498,1.5808061361312866,1.5033985376358032
1.9994585514068604,1.6663100719451904,1.6459784507751465,0.7958986759185791,1.703549861907959,1.609304666519165,2.595646619796753,1.6320933103561401,1.546127438545227,2.724295139312744,1.728503704071045,1.5903702974319458
3.816885232925415,1.557689905166626,1.5448874235153198,3.6036911010742188,1.5427461862564087,1.5701556205749512,3.607375144958496,1.6580824851989746,1.585242509841919,3.611304998397827,1.6204450130462646,1.595343828201294
3.6561293601989746,1.4184404611587524,1.6293672323226929,3.187910556793213,1.4011813402175903,1.6157188415527344,3.549009084701538,1.3500735759735107,1.6365655660629272,2.755779504776001,1.4490829706192017,1.6745073795318604
3.8057150840759277,1.653403639793396,1.6540578603744507,1.153962254524231,1.6560016870498657,1.6130338907241821,1.86354660987854,1.6125385761260986,1.6177256107330322,3.749307632446289,1.6033316850662231,1.6507421731948853
0.4724287986755371,1.5391464233398438,1.6275057792663574,2.8564627170562744,1.552254557609558,1.617238163948059,0.07923150062561035,1.5847244262695312,1.6114568710327148,1.6425912380218506,1.4517699480056763,1.62843656539917
0.6383683681488037,1.4697984457015991,1.5521572828292847,2.3110456466674805,1.4412274360656738,1.5733420848846436,2.451667070388794,1.4553366899490356,1.5646225214004517,0.18270564079284668,1.5207645893096924,1.5771329402923584
1.5954221487045288,1.5282491445541382,1.509976863861084,2.055814743041992,1.5448061227798462,1.5298950672149658,1.7399911880493164,1.5211968421936035,1.5332422256469727,1.69158136844635,1.5639183521270752,1.514795184135437
2.0603699684143066,1.4454787969589233,1.6617674827575684,1.7924473285675049,1.4830604791641235,1.5579906702041626,1.8673468828201294,1.4362555742263794,1.6784862279891968,1.5618828535079956,1.4698176383972168,1.562179446220398
2.0718352794647217,1.511398434638977,1.5214333534240723,3.1516973972320557,1.549489140510559,1.510288953781128,3.1681861877441406,1.5169743299484253,1.4961353540420532,3.94856595993042,1.5553536415100098,1.5113766193389893
2.3395354747772217,1.7394027709960938,1.3774241209030151,2.326756477355957,1.735791563987732,1.3889353275299072,2.632643938064575,1.7358168363571167,1.4037339687347412,0.7480685710906982,1.7451424598693848,1.4263540506362915
0.2183067798614502,1.6166117191314697,1.4884651899337769,0.5810203552246094,1.5956875085830688,1.489466905593872,0.49709200859069824,1.6208316087722778,1.4855327606201172,0.5989243984222412,1.6285666227340698,1.4799140691757202
1.6428039073944092,1.4953798055648804,1.6245641708374023,2.8917996883392334,1.3967312574386597,1.632869005203247,2.665910482406616,1.4747748374938965,1.6097891330718994,1.8795243501663208,1.5588387250900269,1.5348045825958252
2.543187379837036,1.572003960609436,1.4936230182647705,2.7766106128692627,1.5414519309997559,1.5049774646759033,3.2752718925476074,1.5385390520095825,1.5194592475891113,3.7856392860412598,1.5733469724655151,1.5377343893051147
4.727616786956787,1.426012396812439,1.5446857213974,5.621824264526367,1.468496561050415,1.6427706480026245,4.596438407897949,1.5068436861038208,1.526278018951416,4.634193420410156,1.4612101316452026,1.5365626811981201
0.31310129165649414,1.6274739503860474,1.5595158338546753,5.958264350891113,1.6395220756530762,1.5887283086776733,6.203312397003174,1.6596107482910156,1.557874083518982,0.7498514652252197,1.6677197217941284,1.5165777206420898
1.0635766983032227,1.455739974975586,1.5077263116836548,1.022306203842163,1.4784804582595825,1.546805500984192,1.5885436534881592,1.3505147695541382,1.5301553010940552,1.6310300827026367,1.5168408155441284,1.4573113918304443
2.9118287563323975,1.654585599899292,1.4235866069793701,2.794445514678955,1.6611850261688232,1.3949655294418335,2.647645950317383,1.6331826448440552,1.394461750984192,2.927377462387085,1.652807593345642,1.4151694774627686
1.8365627527236938,1.7009053230285645,1.597566843032837,2.0761585235595703,1.6769053936004639,1.584335446357727,0.889298677444458,1.736583948135376,1.6040141582489014,1.8836673498153687,1.6859745979309082,1.566027045249939
1.258378267288208,1.5504698753356934,1.5556762218475342,1.7220762968063354,1.4964215755462646,1.5795226097106934,1.9148434400558472,1.5431605577468872,1.5185351371765137,1.7310274839401245,1.5622950792312622,1.5815396308898926
2.8032166957855225,1.5914329290390015,1.5366036891937256,3.342099189758301,1.584167242050171,1.543074369430542,3.2999510765075684,1.5791367292404175,1.5425533056259155,2.9182403087615967,1.5875169038772583,1.523423671722412
3.1602869033813477,1.742127776145935,1.4640276432037354,2.5200252532958984,1.7266802787780762,1.4263763427734375,2.6516966819763184,1.683693289756775,1.4750466346740723,2.951507091522217,1.6651414632797241,1.4051506519317627
3.9110333919525146,1.590894103050232,1.4996923208236694,4.446166038513184,1.5710735321044922,1.5358898639678955,2.3579695224761963,1.629240870475769,1.482859492301941,4.229767799377441,1.6247045993804932,1.4776837825775146
2.336894989013672,1.598443865776062,1.4634054899215698,2.2834863662719727,1.495805025100708,1.5112888813018799,2.3951189517974854,1.498321771621704,1.5283844470977783,2.1483547687530518,1.5455708503723145,1.5193835496902466
5.343877792358398,1.6222939491271973,1.6543306112289429,5.5797929763793945,1.6553213596343994,1.6782896518707275,3.0955164432525635,1.5766538381576538,1.6010342836380005,4.431776523590088,1.5694477558135986,1.6350619792938232
1.7363064289093018,1.6889115571975708,1.5717750787734985,2.154660224914551,1.6112691164016724,1.5490869283676147,1.7515555620193481,1.638491153717041,1.5451264381408691,0.7088842391967773,1.578559160232544,1.551303744316101
4.86201286315918,1.6371583938598633,1.6872670650482178,5.075926780700684,1.674991250038147,1.759358286857605,4.357600688934326,1.610024094581604,1.5867981910705566,4.77385950088501,1.5834518671035767,1.692520022392273
0.4939098358154297,1.6288132667541504,1.5884367227554321,0.6783885955810547,1.6409313678741455,1.5720226764678955,0.15378594398498535,1.597824215888977,1.5849080085754395,0.08566713333129883,1.5921683311462402,1.5783302783966064
3.4454572200775146,1.561000943183899,1.6545600891113281,3.303584575653076,1.5540285110473633,1.6006942987442017,3.797206401824951,1.574337363243103,1.6050821542739868,2.8900351524353027,1.5274285078048706,1.6036884784698486
3.7890195846557617,1.6634212732315063,1.592832088470459,4.336130142211914,1.638903260231018,1.5761672258377075,3.8446242809295654,1.6489242315292358,1.6233370304107666,2.9846396446228027,1.6220537424087524,1.545810580253601
3.077000379562378,1.5671461820602417,1.5393424034118652,4.278202533721924,1.579807162284851,1.6016656160354614,3.6414225101470947,1.6167612075805664,1.5784797668457031,4.260800361633301,1.551039218902588,1.5105048418045044
2.589329719543457,1.3631771802902222,1.5175286531448364,2.677633047103882,1.38445246219635,1.5612741708755493,2.725165605545044,1.335736632347107,1.5256844758987427,2.4559381008148193,1.2954615354537964,1.5590040683746338
2.081737518310547,1.4378703832626343,1.42079758644104,2.3924641609191895,1.4383302927017212,1.468918800354004,2.536689043045044,1.4182237386703491,1.4504523277282715,2.412001848220825,1.4337823390960693,1.4184755086898804
3.685734987258911,1.4820116758346558,1.6251239776611328,3.655792713165283,1.4740631580352783,1.6246618032455444,3.587599039077759,1.5261573791503906,1.5770518779754639,3.054558753967285,1.4801024198532104,1.6006654500961304
3.1665914058685303,1.4846709966659546,1.5896190404891968,3.724442958831787,1.4866362810134888,1.5739035606384277,3.4941346645355225,1.5229681730270386,1.5774409770965576,3.7045648097991943,1.4888790845870972,1.586921215057373
3.642530918121338,1.3848869800567627,1.6017577648162842,3.689216375350952,1.4181036949157715,1.5667920112609863,3.200669288635254,1.4298516511917114,1.5583969354629517,5.419491767883301,1.421151876449585,1.630541205406189
3.97556471824646,1.5077519416809082,1.572041392326355,4.144264221191406,1.5027583837509155,1.594553828239441,3.5635929107666016,1.5235017538070679,1.5861700773239136,3.7506256103515625,1.502593755722046,1.6278189420700073
3.7564778327941895,1.419399380683899,1.535335898399353,3.4972939491271973,1.486392855644226,1.5485798120498657,2.6310107707977295,1.359118938446045,1.6179566383361816,2.9656853675842285,1.416502594947815,1.5749521255493164
2.417870044708252,1.6210880279541016,1.5596961975097656,2.5497851371765137,1.5989166498184204,1.5939499139785767,2.595646619796753,1.6320933103561401,1.546127438545227,2.090332269668579,1.6030354499816895,1.528096318244934
2.630908489227295,1.6288701295852661,1.476096510887146,2.6035542488098145,1.5941308736801147,1.3924587965011597,2.647645950317383,1.6331826448440552,1.394461750984192,2.8632731437683105,1.6436214447021484,1.4176255464553833
2.604905605316162,1.5655993223190308,1.4649707078933716,2.6369383335113525,1.5615161657333374,1.4803106784820557,2.455653190612793,1.678097128868103,1.4669039249420166,2.343118667602539,1.5026694536209106,1.4983621835708618
6.175420761108398,1.632481336593628,1.5685858726501465,6.000882625579834,1.5736973285675049,1.5806001424789429,0.6521048545837402,1.5802432298660278,1.5866881608963013,6.01985502243042,1.5970040559768677,1.5327211618423462
3.8511745929718018,1.5048816204071045,1.562738299369812,3.8448989391326904,1.512756109237671,1.5832901000976562,3.797959804534912,1.4854832887649536,1.5751501321792603,4.8423919677734375,1.5997259616851807,1.568943738937378
2.8121657371520996,1.628175139427185,1.460164189338684,2.770263195037842,1.6119364500045776,1.424920916557312,2.996624708175659,1.6249159574508667,1.4330754280090332,2.1099534034729004,1.6350865364074707,1.4430979490280151
2.7598764896392822,1.4020781517028809,1.5160719156265259,2.900815725326538,1.3912990093231201,1.550784945487976,2.329345226287842,1.4026927947998047,1.6353085041046143,2.948819875717163,1.36102294921875,1.5399415493011475
1.3709208965301514,1.4859200716018677,1.5266340970993042,0.772808313369751,1.4596096277236938,1.5710902214050293,1.1962617635726929,1.4362021684646606,1.5860825777053833,0.7665433883666992,1.4665067195892334,1.5047632455825806
3.956523895263672,1.5871479511260986,1.549170732498169,3.8008012771606445,1.5667513608932495,1.5617551803588867,4.589876174926758,1.5364292860031128,1.5844135284423828,4.492693901062012,1.5648677349090576,1.5213820934295654
3.320957899093628,1.508591651916504,1.5211304426193237,3.2752718925476074,1.5385390520095825,1.5194592475891113,3.1291937828063965,1.5029807090759277,1.5198131799697876,3.322805166244507,1.4434263706207275,1.537592887878418
3.657109498977661,1.5376306772232056,1.5766721963882446,3.8588714599609375,1.51995849609375,1.5955709218978882,3.706651210784912,1.5428944826126099,1.5875749588012695,4.586267471313477,1.5346463918685913,1.5644701719284058
2.752448320388794,1.4538434743881226,1.5571722984313965,3.9434638023376465,1.435848355293274,1.6064233779907227,3.285637140274048,1.4641517400741577,1.567038893699646,2.4976143836975098,1.5229040384292603,1.496396541595459
4.318243503570557,1.5730189085006714,1.6142277717590332,3.396334648132324,1.4627301692962646,1.6239063739776611,3.948955774307251,1.531362533569336,1.5839701890945435,2.826169013977051,1.5005782842636108,1.6544255018234253
5.607507705688477,1.7085672616958618,1.5001767873764038,5.150649070739746,1.723834753036499,1.5013117790222168,4.205243110656738,1.591147780418396,1.5670727491378784,4.605126857757568,1.6807619333267212,1.5899152755737305
0.6690695285797119,1.591347575187683,1.6194020509719849,0.8946061134338379,1.6530420780181885,1.579539179801941,1.0306413173675537,1.6004095077514648,1.5826398134231567,0.4394233226776123,1.5596301555633545,1.704604148864746
1.0792312622070312,1.6001660823822021,1.5846582651138306,1.6842230558395386,1.6565570831298828,1.6121119260787964,1.7899445295333862,1.5341545343399048,1.5977649688720703,1.4790986776351929,1.5220754146575928,1.6118026971817017
4.862164497375488,1.6184117794036865,1.6724241971969604,5.988532066345215,1.654822826385498,1.6227900981903076,4.50789213180542,1.6122037172317505,1.6261603832244873,0.8727943897247314,1.5592833757400513,1.6302789449691772
0.4281618595123291,1.6791824102401733,1.6030746698379517,0.477919340133667,1.6715961694717407,1.6326779127120972,0.36536335945129395,1.6738795042037964,1.5793492794036865,1.04252028465271,1.6453001499176025,1.561835527420044
0.3169271945953369,1.5349715948104858,1.5578783750534058,1.0841012001037598,1.5169811248779297,1.5570710897445679,1.2442641258239746,1.5247772932052612,1.5604346990585327,0.8257782459259033,1.4901525974273682,1.5426366329193115
1.0319383144378662,1.7477498054504395,1.5269310474395752,0.9480419158935547,1.7621705532073975,1.5013638734817505,0.2912731170654297,1.6858930587768555,1.4991891384124756,1.443077564239502,1.7002872228622437,1.626091480255127
4.186459541320801,1.6403981447219849,1.5447357892990112,4.106967926025391,1.581635594367981,1.5316698551177979,3.324213981628418,1.6260631084442139,1.5056347846984863,4.714325904846191,1.6612310409545898,1.5002048015594482
1.3782175779342651,1.5941367149353027,1.5158123970031738,1.4582220315933228,1.5606145858764648,1.5146822929382324,1.8067028522491455,1.6009430885314941,1.5034371614456177,1.9573403596878052,1.5999772548675537,1.4170575141906738
2.3733201026916504,1.3653852939605713,1.5837421417236328,2.107074737548828,1.4570598602294922,1.5248905420303345,2.05561900138855,1.4442647695541382,1.544027328491211,2.004790782928467,1.3582326173782349,1.6392771005630493
4.856906414031982,1.4254162311553955,1.6364752054214478,4.316342830657959,1.4118834733963013,1.608038067817688,4.811827659606934,1.4883055686950684,1.5932700634002686,5.564041614532471,1.4827122688293457,1.62965989112854
0.9060611724853516,1.5347415208816528,1.5605069398880005,2.334857702255249,1.5735467672348022,1.591755986213684,5.992761611938477,1.503395676612854,1.6296190023422241,0.08862042427062988,1.557995319366455,1.5740232467651367
3.39711594581604,1.6146705150604248,1.5856775045394897,3.2128212451934814,1.5527089834213257,1.5815839767456055,3.7395083904266357,1.6448372602462769,1.5698039531707764,3.3739099502563477,1.561691403388977,1.593261480331421
2.966402530670166,1.4937574863433838,1.4987772703170776,2.846665859222412,1.4215197563171387,1.5523180961608887,1.4961498975753784,1.5134161710739136,1.4953045845031738,3.2431747913360596,1.6182043552398682,1.4881378412246704
0.5934329032897949,1.7390488386154175,1.6095143556594849,5.931545734405518,1.681004285812378,1.6090760231018066,4.332758903503418,1.7751301527023315,1.5908920764923096,0.9108808040618896,1.685349941253662,1.6285003423690796
6.116070747375488,1.6545063257217407,1.6405446529388428,5.760963439941406,1.6670022010803223,1.5593411922454834,6.143616199493408,1.7282283306121826,1.5996934175491333,2.034843683242798,1.6350544691085815,1.5946437120437622
2.396805763244629,1.5841318368911743,1.501165509223938,1.9997491836547852,1.6372101306915283,1.53260338306427,1.9072059392929077,1.5934032201766968,1.452784776687622,2.716531753540039,1.50883150100708,1.4497389793395996
3.706634521484375,1.4732016324996948,1.5661267042160034,5.655511856079102,1.5166016817092896,1.5940877199172974,3.0302696228027344,1.4665251970291138,1.5879404544830322,2.6427900791168213,1.438383936882019,1.6781361103057861
3.472287178039551,1.4276697635650635,1.6346580982208252,3.7000741958618164,1.4264453649520874,1.609187126159668,3.7001428604125977,1.3902708292007446,1.6499775648117065,3.6164894104003906,1.4211082458496094,1.607188105583191
1.7101280689239502,1.6751750707626343,1.6172994375228882,2.675157308578491,1.5751008987426758,1.6023958921432495,2.40651273727417,1.6176332235336304,1.5905563831329346,2.4583802223205566,1.6453462839126587,1.4872691631317139
2.635373115539551,1.7179533243179321,1.3427921533584595,2.5091376304626465,1.704858422279358,1.360383152961731,2.508296489715576,1.710914134979248,1.376551866531372,2.2795608043670654,1.6858735084533691,1.370091199874878
1.2506277561187744,1.4240013360977173,1.6797963380813599,0.6680476665496826,1.3837089538574219,1.6767023801803589,4.5100202560424805,1.4897911548614502,1.7474091053009033,0.13832831382751465,1.5331356525421143,1.6591743230819702
3.072556972503662,1.4858245849609375,1.6080213785171509,1.910654902458191,1.469077706336975,1.5971070528030396,3.790886402130127,1.4961642026901245,1.6056935787200928,3.3045332431793213,1.4689229726791382,1.580520510673523
1.8204063177108765,1.4735743999481201,1.5602043867111206,1.9476208686828613,1.4776747226715088,1.5833494663238525,2.154543399810791,1.5442285537719727,1.504378080368042,2.3649260997772217,1.4212853908538818,1.5116788148880005
3.071429491043091,1.5706404447555542,1.5178104639053345,3.6060500144958496,1.5978981256484985,1.5199323892593384,3.3118059635162354,1.5038728713989258,1.507309913635254,3.0391547679901123,1.507537841796875,1.4844319820404053
6.059809684753418,1.5458904504776,1.599900245666504,3.034391164779663,1.4786087274551392,1.588293433189392,4.58421516418457,1.5027457475662231,1.582882046699524,0.8698198795318604,1.4938002824783325,1.559424638748169
3.0148959159851074,1.3441147804260254,1.5670615434646606,2.064063310623169,1.3131892681121826,1.637797236442566,1.8790841102600098,1.4012476205825806,1.5310004949569702,3.737229824066162,1.3890472650527954,1.5711696147918701
3.3418917655944824,1.5338677167892456,1.6467432975769043,2.9554443359375,1.4435769319534302,1.5551289319992065,3.386349678039551,1.5424896478652954,1.5875285863876343,3.8044002056121826,1.576022982597351,1.6906486749649048
1.8859741687774658,1.5454857349395752,1.60475754737854,1.555303931236267,1.605729103088379,1.6452763080596924,1.7751597166061401,1.5340874195098877,1.556850552558899,1.8855175971984863,1.4783751964569092,1.5275706052780151
6.187810897827148,1.3617088794708252,1.634466528892517,5.612480163574219,1.3877371549606323,1.6906319856643677,5.811459541320801,1.474018931388855,1.6757229566574097,0.011759519577026367,1.3997645378112793,1.6819591522216797
2.2367732524871826,1.5451550483703613,1.4217619895935059,2.1960575580596924,1.5853947401046753,1.4059425592422485,2.4245615005493164,1.6120401620864868,1.4086962938308716,2.329191207885742,1.5739006996154785,1.4197196960449219
5.714783668518066,1.5144590139389038,1.6694896221160889,4.3704681396484375,1.481049656867981,1.7035048007965088,5.884902477264404,1.548868179321289,1.6780000925064087,0.2225494384765625,1.4755560159683228,1.6838922500610352
3.5018086433410645,1.6943384408950806,1.4808297157287598,3.290645122528076,1.734148621559143,1.5176758766174316,3.618321657180786,1.6567184925079346,1.4872959852218628,3.451124429702759,1.6512837409973145,1.474740982055664
2.0471925735473633,1.5477656126022339,1.612586498260498,1.9039512872695923,1.4953948259353638,1.695353388786316,1.3256267309188843,1.6447155475616455,1.6486550569534302,2.187406539916992,1.5803923606872559,1.6643390655517578
2.9058923721313477,1.541377305984497,1.4975175857543945,2.6736457347869873,1.5013861656188965,1.5301241874694824,2.7766106128692627,1.5414519309997559,1.5049774646759033,3.7856392860412598,1.5733469724655151,1.5377343893051147
0.8567698001861572,1.4823535680770874,1.6613415479660034,1.6770591735839844,1.3436024188995361,1.6082985401153564,1.6665953397750854,1.3980588912963867,1.6382629871368408,1.9454336166381836,1.4562934637069702,1.5971107482910156
1.6019848585128784,1.57790207862854,1.6960281133651733,1.1364259719848633,1.6011130809783936,1.6463699340820312,1.668564796447754,1.628865361213684,1.6874973773956299,2.173426389694214,1.6197409629821777,1.6817318201065063
3.0328450202941895,1.637820839881897,1.3691850900650024,2.137152671813965,1.5569719076156616,1.4539188146591187,2.6114444732666016,1.6367847919464111,1.3625783920288086,2.587209939956665,1.753537893295288,1.4262919425964355
2.3588409423828125,1.6476892232894897,1.442216396331787,2.3851990699768066,1.6468216180801392,1.4303176403045654,1.8730058670043945,1.6158515214920044,1.4914785623550415,2.635190486907959,1.5914781093597412,1.4386584758758545
2.394024133682251,1.4625643491744995,1.4434282779693604,2.3350577354431152,1.4187461137771606,1.5288676023483276,2.5967040061950684,1.5587791204452515,1.4774101972579956,2.8231167793273926,1.5318962335586548,1.4425227642059326
3.5363476276397705,1.639719843864441,1.4884529113769531,2.7816054821014404,1.5946261882781982,1.526558518409729,2.0412182807922363,1.6096514463424683,1.5505802631378174,2.9649782180786133,1.5514533519744873,1.5118739604949951
5.1265740394592285,1.5886398553848267,1.5761767625808716,4.594089984893799,1.5446367263793945,1.5800138711929321,5.890840530395508,1.605337381362915,1.5481512546539307,2.017505168914795,1.5835920572280884,1.5737539529800415
1.4426324367523193,1.6472830772399902,1.5066568851470947,2.000271797180176,1.6018800735473633,1.4749394655227661,2.0552635192871094,1.678622841835022,1.4864088296890259,2.3436203002929688,1.6657443046569824,1.5006227493286133
2.0428757667541504,1.7056694030761719,1.4479482173919678,2.398341178894043,1.715013027191162,1.4215644598007202,2.4726247787475586,1.7147760391235352,1.4191583395004272,2.488044500350952,1.725102424621582,1.436293601989746
3.8825249671936035,1.542392373085022,1.5281771421432495,3.8618974685668945,1.5506657361984253,1.5532057285308838,2.678771734237671,1.561582326889038,1.4755133390426636,4.085411548614502,1.5507420301437378,1.557587742805481
0.07749462127685547,1.4778556823730469,1.5498900413513184,5.294887542724609,1.4844194650650024,1.5333595275878906,3.1200032234191895,1.4344993829727173,1.5640133619308472,1.7934412956237793,1.4258372783660889,1.5808641910552979
2.3255820274353027,1.5274813175201416,1.383074164390564,2.4069509506225586,1.5670816898345947,1.4258240461349487,2.645242214202881,1.5234187841415405,1.4331681728363037,2.5254530906677246,1.4734623432159424,1.4463857412338257
2.869556427001953,1.4719434976577759,1.5561989545822144,2.693763017654419,1.5211026668548584,1.5884976387023926,2.920714855194092,1.4703842401504517,1.5969364643096924,3.185258388519287,1.5391309261322021,1.5589439868927002
2.021521806716919,1.7108161449432373,1.5560222864151,4.93725061416626,1.748138189315796,1.5484263896942139,2.2446024417877197,1.724175214767456,1.5073069334030151,1.5976886749267578,1.6464413404464722,1.5602341890335083
1.491814374923706,1.4058260917663574,1.5673799514770508,1.207226037979126,1.3716951608657837,1.5762685537338257,1.3496960401535034,1.441361904144287,1.5514230728149414,2.0964503288269043,1.474371075630188,1.476845145225525
0.48542165756225586,1.643500804901123,1.586960792541504,0.5719237327575684,1.6245611906051636,1.5304557085037231,6.204632759094238,1.6636134386062622,1.578597068786621,0.19910955429077148,1.5386886596679688,1.6232857704162598
1.5900135040283203,1.5648530721664429,1.4709243774414062,1.9075658321380615,1.6171107292175293,1.4624662399291992,1.8691743612289429,1.6438592672348022,1.4833084344863892,2.0383074283599854,1.617213249206543,1.4796358346939087
3.7011265754699707,1.512229323387146,1.6840457916259766,5.4747161865234375,1.534331202507019,1.662648320198059,1.5567485094070435,1.5314527750015259,1.5294513702392578,4.316342830657959,1.4118834733963013,1.608038067817688
4.724471569061279,1.516330361366272,1.530216097831726,1.64808189868927,1.4633023738861084,1.51494300365448,3.231006622314453,1.545836091041565,1.499796986579895,4.034404754638672,1.4751540422439575,1.5469664335250854
3.07025408744812,1.672471523284912,1.5650486946105957,2.1303367614746094,1.7167949676513672,1.5358787775039673,3.4119176864624023,1.580959439277649,1.5505218505859375,2.2276289463043213,1.6560840606689453,1.4859342575073242
2.1735002994537354,1.5491931438446045,1.4930487871170044,1.8943415880203247,1.6248857975006104,1.4952162504196167,1.870592713356018,1.5847253799438477,1.5374587774276733,2.1232385635375977,1.536013126373291,1.5338515043258667
2.73366117477417,1.4126390218734741,1.6647555828094482,2.2859127521514893,1.4306873083114624,1.664415955543518,5.642099857330322,1.3950780630111694,1.6704813241958618,2.183523178100586,1.4141017198562622,1.6231921911239624
6.22556209564209,1.7092751264572144,1.5711160898208618,0.7958986759185791,1.703549861907959,1.609304666519165,5.396450996398926,1.6924840211868286,1.5489747524261475,5.116379737854004,1.7214936017990112,1.540929913520813
2.1593551635742188,1.3563852310180664,1.7537273168563843,1.969753623008728,1.4011940956115723,1.7304257154464722,2.7507221698760986,1.4194306135177612,1.67690110206604,1.8526504039764404,1.4035178422927856,1.687679409980774
3.5167107582092285,1.5360949039459229,1.5337239503860474,1.4089773893356323,1.4848058223724365,1.5602262020111084,5.001739501953125,1.5433794260025024,1.5796167850494385,3.948955774307251,1.531362533569336,1.5839701890945435
4.630656719207764,1.4483774900436401,1.5937753915786743,4.64207649230957,1.4808106422424316,1.6175048351287842,4.7098388671875,1.4582406282424927,1.6078073978424072,4.7509307861328125,1.4993696212768555,1.6236176490783691
1.9059325456619263,1.4081670045852661,1.566773772239685,1.97542142868042,1.3955066204071045,1.5766865015029907,1.1962617635726929,1.4362021684646606,1.5860825777053833,1.3353599309921265,1.342054009437561,1.5882141590118408
2.8518688678741455,1.4201935529708862,1.5652179718017578,3.0724334716796875,1.3841997385025024,1.563678503036499,5.342844009399414,1.3800750970840454,1.5825622081756592,0.8425822257995605,1.396817684173584,1.558276653289795
0.752964973449707,1.4056884050369263,1.6087572574615479,1.0711934566497803,1.429342269897461,1.5958434343338013,1.7300041913986206,1.460374355316162,1.5768215656280518,1.1709263324737549,1.5022156238555908,1.612982988357544
4.3174567222595215,1.4697781801223755,1.5796328783035278,2.7827799320220947,1.4817596673965454,1.6291840076446533,6.050398826599121,1.471206545829773,1.5649899244308472,3.7673511505126953,1.3522729873657227,1.6035375595092773
1.9119693040847778,1.3697863817214966,1.604019284248352,2.3485610485076904,1.4447109699249268,1.5778793096542358,2.846886396408081,1.393113613128662,1.5913994312286377,2.2367355823516846,1.4237644672393799,1.5367529392242432
5.457769393920898,1.520365595817566,1.7260079383850098,4.934605598449707,1.5227526426315308,1.7088788747787476,5.959314346313477,1.5718923807144165,1.6613681316375732,3.3740413188934326,1.4605764150619507,1.6842814683914185
2.120621681213379,1.553773283958435,1.5270159244537354,2.742841958999634,1.5427796840667725,1.5162384510040283,2.3445162773132324,1.5227707624435425,1.4749876260757446,2.299809217453003,1.616180419921875,1.5130069255828857
4.02105188369751,1.4754431247711182,1.5124021768569946,3.931842565536499,1.3895925283432007,1.5158441066741943,4.156909465789795,1.5770399570465088,1.5265963077545166,3.667856216430664,1.4658238887786865,1.5662368535995483
1.3252030611038208,1.5756362676620483,1.5174665451049805,5.345292568206787,1.6309911012649536,1.4992256164550781,2.550358533859253,1.461232304573059,1.5255661010742188,1.9119460582733154,1.5683470964431763,1.4784412384033203
1.4982608556747437,1.54573655128479,1.4384989738464355,0.6515755653381348,1.519092082977295,1.47101891040802,0.5620777606964111,1.523017406463623,1.4816651344299316,0.76841139793396,1.5545662641525269,1.490718126296997
0.16787457466125488,1.5677227973937988,1.7065516710281372,6.082836627960205,1.6611474752426147,1.6730635166168213,0.4548494815826416,1.5228896141052246,1.7262439727783203,0.31749773025512695,1.5483275651931763,1.711998701095581
4.28449821472168,1.6473671197891235,1.5904072523117065,4.617678165435791,1.6566476821899414,1.5785536766052246,4.26829719543457,1.5461626052856445,1.597472906112671,4.015639781951904,1.577970266342163,1.615263819694519
2.9578332901000977,1.5688436031341553,1.4317963123321533,2.579568386077881,1.6380927562713623,1.408104658126831,2.8887228965759277,1.6200933456420898,1.4567956924438477,2.001514434814453,1.603998064994812,1.4523398876190186
3.4293930530548096,1.4554978609085083,1.5508406162261963,2.9351601600646973,1.5063773393630981,1.477614402770996,2.9369330406188965,1.5168821811676025,1.5481594800949097,3.089566946029663,1.5521847009658813,1.4809528589248657
3.329502582550049,1.5204824209213257,1.582335352897644,5.892210006713867,1.5930579900741577,1.6720433235168457,5.001739501953125,1.5433794260025024,1.5796167850494385,3.948955774307251,1.531362533569336,1.5839701890945435
2.441988229751587,1.6024702787399292,1.562816858291626,2.737454891204834,1.604893445968628,1.5499476194381714,2.672288656234741,1.5220012664794922,1.5529108047485352,1.9763447046279907,1.629507303237915,1.5062963962554932
5.660800933837891,1.685133695602417,1.5903865098953247,5.686358451843262,1.6207636594772339,1.6308153867721558,5.5291428565979,1.605404257774353,1.4955344200134277,5.498143196105957,1.6101484298706055,1.5689581632614136
5.79112434387207,1.5748815536499023,1.5768567323684692,5.7175421714782715,1.5868586301803589,1.6036032438278198,3.9994397163391113,1.6371071338653564,1.6105996370315552,4.4230828285217285,1.6003272533416748,1.6576679944992065
2.8380048274993896,1.5377366542816162,1.6014072895050049,3.4069981575012207,1.588727355003357,1.5633172988891602,3.329641580581665,1.5841320753097534,1.565150499343872,3.5818042755126953,1.6529183387756348,1.5374253988265991
2.7134292125701904,1.6154167652130127,1.3791534900665283,2.4780189990997314,1.6435983180999756,1.3850789070129395,2.723008871078491,1.5739636421203613,1.3827157020568848,2.515129804611206,1.6732323169708252,1.366644024848938
5.74370002746582,1.5200477838516235,1.5367165803909302,5.989292144775391,1.5275481939315796,1.5554572343826294,5.831136703491211,1.5730005502700806,1.556848168373108,6.12106990814209,1.5314176082611084,1.553027868270874
5.159667015075684,1.5303807258605957,1.5962339639663696,4.6243977546691895,1.503949522972107,1.5792866945266724,4.425525665283203,1.499600887298584,1.571759819984436,4.869456768035889,1.5277169942855835,1.5499061346054077
3.1681199073791504,1.6485697031021118,1.4250662326812744,2.794445514678955,1.6611850261688232,1.3949655294418335,2.6762547492980957,1.6692134141921997,1.4521028995513916,2.466273307800293,1.5859941244125366,1.4593905210494995
2.461359977722168,1.598435878753662,1.5364964008331299,2.58823299407959,1.473048448562622,1.6337136030197144,2.9214704036712646,1.6004021167755127,1.519007682800293,2.3608455657958984,1.6170271635055542,1.4617242813110352
4.038250923156738,1.4385656118392944,1.6430134773254395,4.989345550537109,1.4871490001678467,1.6446377038955688,4.1060380935668945,1.5600311756134033,1.7238600254058838,3.9434638023376465,1.435848355293274,1.6064233779907227
5.17242431640625,1.551754117012024,1.5936245918273926,4.390475749969482,1.6051338911056519,1.5600558519363403,1.9579262733459473,1.478423833847046,1.5572025775909424,4.3397369384765625,1.6118534803390503,1.5708709955215454
1.4906150102615356,1.5730499029159546,1.709409236907959,3.530707359313965,1.5319960117340088,1.7073118686676025,0.6211161613464355,1.6163580417633057,1.714989423751831,1.470473051071167,1.4825903177261353,1.666378140449524
0.3116629123687744,1.5302718877792358,1.6179510354995728,0.41568613052368164,1.469340443611145,1.6038037538528442,6.000918865203857,1.5061572790145874,1.5939136743545532,0.11453938484191895,1.6056599617004395,1.5535633563995361
1.5799587965011597,1.543209195137024,1.5156513452529907,1.5836575031280518,1.4677386283874512,1.5239955186843872,1.8877540826797485,1.5276850461959839,1.4695550203323364,1.4790986776351929,1.5220754146575928,1.6118026971817017
0.3168301582336426,1.6226955652236938,1.5031201839447021,0.6316766738891602,1.6478033065795898,1.5321404933929443,0.4959757328033447,1.642808198928833,1.5520553588867188,0.518988847732544,1.6890716552734375,1.5297973155975342
3.886842966079712,1.4994733333587646,1.5548856258392334,4.109707355499268,1.4931467771530151,1.6173936128616333,4.085212230682373,1.4113203287124634,1.6040173768997192,3.760684013366699,1.40364408493042,1.6112735271453857
0.7028622627258301,1.7100849151611328,1.542112112045288,0.5614445209503174,1.6625583171844482,1.5238229036331177,4.93725061416626,1.748138189315796,1.5484263896942139,0.7361760139465332,1.6705583333969116,1.6270500421524048
4.449880599975586,1.5747636556625366,1.5999113321304321,4.6335768699646,1.5943728685379028,1.6106657981872559,4.620014190673828,1.6232917308807373,1.6403275728225708,4.677853584289551,1.5707732439041138,1.586506724357605
0.8665506839752197,1.582398772239685,1.7383477687835693,0.698662281036377,1.5507588386535645,1.7215464115142822,1.4846136569976807,1.5228400230407715,1.7374883890151978,0.17806363105773926,1.6424976587295532,1.7451436519622803
1.3280746936798096,1.7228401899337769,1.5145509243011475,1.6199703216552734,1.7084664106369019,1.5169202089309692,1.8412758111953735,1.6650166511535645,1.4442764520645142,1.8123652935028076,1.7629692554473877,1.4921168088912964
2.585206985473633,1.519106388092041,1.4700264930725098,2.5185580253601074,1.6172192096710205,1.4327304363250732,2.5636720657348633,1.5494147539138794,1.4777311086654663,2.5944552421569824,1.492945909500122,1.5609419345855713
0.7626175880432129,1.394244909286499,1.6472163200378418,0.5298810005187988,1.38335120677948,1.643857479095459,0.21296024322509766,1.3923135995864868,1.6401057243347168,1.009566307067871,1.4292715787887573,1.6006454229354858
1.8881964683532715,1.373937964439392,1.584831953048706,2.8003172874450684,1.434800624847412,1.5879344940185547,1.5656201839447021,1.391151785850525,1.6380382776260376,3.200669288635254,1.4298516511917114,1.5583969354629517
2.4052672386169434,1.6294817924499512,1.4569436311721802,2.2306056022644043,1.621575951576233,1.509926199913025,2.2728371620178223,1.7165356874465942,1.4760419130325317,1.9207050800323486,1.6463741064071655,1.4518388509750366
3.662031650543213,1.4539991617202759,1.5811444520950317,3.322805166244507,1.4434263706207275,1.537592887878418,3.2879409790039062,1.4546318054199219,1.5282866954803467,3.655792713165283,1.4740631580352783,1.6246618032455444
4.05812406539917,1.4364652633666992,1.6956731081008911,4.12420654296875,1.4282495975494385,1.663530707359314,4.484868049621582,1.509291410446167,1.617207407951355,3.732022523880005,1.4951887130737305,1.563765048980713
1.651153802871704,1.672602891921997,1.4857544898986816,1.7426496744155884,1.5995197296142578,1.5198822021484375,2.6516966819763184,1.683693289756775,1.4750466346740723,1.10664963722229,1.686914086341858,1.5442763566970825
4.0844221115112305,1.5235743522644043,1.6721327304840088,3.655024528503418,1.4958451986312866,1.675510048866272,3.8638648986816406,1.5736027956008911,1.6651774644851685,3.4736146926879883,1.4524587392807007,1.6693329811096191
1.8372337818145752,1.598310947418213,1.543576717376709,3.034437894821167,1.6042879819869995,1.5664464235305786,1.667136788368225,1.5345040559768677,1.5557206869125366,2.2067861557006836,1.5438686609268188,1.5662803649902344
2.392408847808838,1.4708476066589355,1.5875134468078613,2.029038429260254,1.5357666015625,1.6124693155288696,2.0854544639587402,1.4284884929656982,1.5590622425079346,2.693763017654419,1.5211026668548584,1.5884976387023926
3.21722149848938,1.5573891401290894,1.504423975944519,3.1925039291381836,1.5356919765472412,1.5200731754302979,3.1786394119262695,1.5523167848587036,1.5444194078445435,2.9849963188171387,1.5854333639144897,1.5254703760147095
0.7652931213378906,1.6957333087921143,1.5634698867797852,1.0916030406951904,1.6517243385314941,1.6149201393127441,1.1172947883605957,1.6781384944915771,1.5493403673171997,0.5649218559265137,1.6901462078094482,1.6000553369522095
2.5434012413024902,1.6386247873306274,1.494482398033142,2.6505250930786133,1.5168490409851074,1.4932597875595093,3.223433017730713,1.6111699342727661,1.478240966796875,2.2872982025146484,1.7170116901397705,1.4465638399124146
2.2067508697509766,1.506190299987793,1.6099271774291992,2.6839418411254883,1.4927411079406738,1.6370877027511597,0.6301133632659912,1.5721062421798706,1.6203432083129883,2.2330470085144043,1.5832196474075317,1.5595258474349976
4.47661018371582,1.5417273044586182,1.6034163236618042,4.505184173583984,1.5801115036010742,1.5848997831344604,4.648756980895996,1.616044282913208,1.5872163772583008,3.797959804534912,1.4854832887649536,1.5751501321792603
3.3044581413269043,1.407284140586853,1.6463781595230103,2.824270248413086,1.3994216918945312,1.6690330505371094,3.187910556793213,1.4011813402175903,1.6157188415527344,3.050949811935425,1.457501769065857,1.5992624759674072
5.613921165466309,1.6757012605667114,1.7155143022537231,3.4537363052368164,1.7079815864562988,1.597517490386963,5.415048599243164,1.6518363952636719,1.753631830215454,3.13179087638855,1.707468867301941,1.6071760654449463
2.550337791442871,1.6222724914550781,1.5519649982452393,2.9182403087615967,1.5875169038772583,1.523423671722412,2.236888885498047,1.4939522743225098,1.5391545295715332,2.808286428451538,1.6502084732055664,1.5209935903549194
2.441239833831787,1.4236888885498047,1.590041995048523,3.1439969539642334,1.409582257270813,1.5939443111419678,2.837303638458252,1.4585139751434326,1.6149427890777588,2.7711739540100098,1.3614870309829712,1.5970234870910645
2.469447135925293,1.5127500295639038,1.5985435247421265,3.1553165912628174,1.5111339092254639,1.5964807271957397,1.9759525060653687,1.452286958694458,1.6146917343139648,3.084578275680542,1.4870296716690063,1.5653597116470337
4.443382740020752,1.507408857345581,1.5835586786270142,4.025984287261963,1.5145444869995117,1.5801937580108643,5.555604934692383,1.5125702619552612,1.6187348365783691,3.881875514984131,1.5477428436279297,1.5758452415466309
3.9252567291259766,1.5009006261825562,1.601077675819397,3.806589126586914,1.4850049018859863,1.606494665145874,3.7833285331726074,1.4818247556686401,1.6136713027954102,3.947659969329834,1.492408275604248,1.6221609115600586
4.557487487792969,1.4796583652496338,1.5406805276870728,4.743133544921875,1.435567021369934,1.5739567279815674,5.496834754943848,1.5691696405410767,1.5327038764953613,4.010868549346924,1.5313910245895386,1.4669030904769897
0.6906185150146484,1.7171852588653564,1.5371880531311035,1.1172947883605957,1.6781384944915771,1.5493403673171997,0.5649218559265137,1.6901462078094482,1.6000553369522095,0.5289523601531982,1.7178764343261719,1.5895650386810303
0.22759652137756348,1.5294544696807861,1.6359117031097412,2.6839418411254883,1.4927411079406738,1.6370877027511597,0.6301133632659912,1.5721062421798706,1.6203432083129883,3.6098039150238037,1.5337543487548828,1.6124380826950073
4.1117472648620605,1.5272356271743774,1.5185425281524658,4.1251749992370605,1.5188549757003784,1.538204550743103,3.7450642585754395,1.5137299299240112,1.5194183588027954,3.712197780609131,1.5091909170150757,1.4884730577468872
0.3866915702819824,1.5683494806289673,1.5420050621032715,5.777856826782227,1.575411081314087,1.4979662895202637,1.0579373836517334,1.5317655801773071,1.4940282106399536,0.8736073970794678,1.5312124490737915,1.5257799625396729
5.963701248168945,1.4229075908660889,1.5359128713607788,2.73339581489563,1.4173145294189453,1.4829657077789307,0.08721160888671875,1.4458039999008179,1.5318278074264526,2.8232169151306152,1.3961617946624756,1.4498704671859741
3.2299201488494873,1.6423602104187012,1.6548950672149658,2.7083206176757812,1.5401289463043213,1.576661467552185,3.1407172679901123,1.633048176765442,1.6000006198883057,3.1539719104766846,1.5874664783477783,1.6095670461654663
5.925045967102051,1.4978421926498413,1.5760226249694824,1.4630376100540161,1.4792828559875488,1.54096257686615,3.250480890274048,1.5476349592208862,1.5479995012283325,1.5308046340942383,1.4340232610702515,1.5968133211135864
2.1025071144104004,1.4885425567626953,1.5452429056167603,2.540745258331299,1.4920289516448975,1.5493298768997192,2.3229737281799316,1.4405144453048706,1.5975627899169922,2.0018253326416016,1.4282219409942627,1.600098967552185
2.9841489791870117,1.4953252077102661,1.6160829067230225,3.237915277481079,1.4642304182052612,1.6477166414260864,3.7775635719299316,1.4912604093551636,1.5706610679626465,3.496070146560669,1.5970827341079712,1.5720677375793457
3.2843713760375977,1.6047585010528564,1.5256463289260864,2.43902850151062,1.541419267654419,1.4909071922302246,2.9338254928588867,1.600109577178955,1.4713295698165894,2.5666685104370117,1.6110155582427979,1.504599690437317
0.5345633029937744,1.4482587575912476,1.7785385847091675,0.5004253387451172,1.475864291191101,1.6981420516967773,6.016929626464844,1.5743268728256226,1.729375958442688,1.1645739078521729,1.5029832124710083,1.7204880714416504
1.0705673694610596,1.7785537242889404,1.576744556427002,1.213727593421936,1.7364401817321777,1.5264805555343628,0.045678138732910156,1.796155333518982,1.5586334466934204,5.36882209777832,1.7688899040222168,1.6026232242584229
2.178311824798584,1.4669694900512695,1.7145576477050781,2.755779504776001,1.4490829706192017,1.6745073795318604,3.4351189136505127,1.4268043041229248,1.679250955581665,2.826169013977051,1.5005782842636108,1.6544255018234253
2.0487468242645264,1.6122790575027466,1.6166657209396362,2.4092788696289062,1.596711277961731,1.5929838418960571,2.3932740688323975,1.494219422340393,1.6027923822402954,2.2919633388519287,1.605137586593628,1.5439893007278442
2.269280433654785,1.576793909072876,1.4084663391113281,2.282820701599121,1.5984879732131958,1.4081076383590698,2.1300597190856934,1.6574678421020508,1.4325696229934692,2.2064249515533447,1.6559457778930664,1.4207663536071777
2.8032093048095703,1.5759618282318115,1.3997349739074707,3.7570323944091797,1.6286237239837646,1.4171180725097656,2.1762070655822754,1.562615156173706,1.3825234174728394,2.865386962890625,1.6865556240081787,1.427833914756775
2.3444700241088867,1.5201700925827026,1.4983612298965454,2.19376277923584,1.5479902029037476,1.5535856485366821,1.9359647035598755,1.5283817052841187,1.5915706157684326,2.1805732250213623,1.5047866106033325,1.529903531074524
2.215911626815796,1.426743507385254,1.553431510925293,2.3175017833709717,1.4919252395629883,1.473099946975708,1.9323807954788208,1.4764132499694824,1.550146460533142,1.6002377271652222,1.4541021585464478,1.5635124444961548
4.72020149230957,1.527956247329712,1.5874911546707153,4.742442607879639,1.5146900415420532,1.5686109066009521,4.7149128913879395,1.6418061256408691,1.5573045015335083,5.356025695800781,1.6467185020446777,1.582896113395691
1.2660620212554932,1.4038738012313843,1.6414082050323486,1.5765131711959839,1.4270570278167725,1.6125730276107788,0.9173135757446289,1.4330610036849976,1.6030802726745605,2.464902639389038,1.434099555015564,1.5838907957077026
4.172846794128418,1.5906410217285156,1.587831735610962,2.56845760345459,1.4644285440444946,1.5304008722305298,3.5333940982818604,1.492158055305481,1.5867999792099,5.34249210357666,1.766165018081665,1.63834810256958
1.311240792274475,1.5161335468292236,1.5565972328186035,1.4871512651443481,1.5250968933105469,1.5881365537643433,1.7444467544555664,1.5124081373214722,1.5959786176681519,1.3310028314590454,1.5866401195526123,1.5618950128555298
0.03142356872558594,1.502806544303894,1.575981855392456,5.470340728759766,1.454058289527893,1.5905183553695679,2.859740734100342,1.4326612949371338,1.6003100872039795,6.050398826599121,1.471206545829773,1.5649899244308472
1.7973014116287231,1.6726958751678467,1.4450749158859253,1.9207050800323486,1.6463741064071655,1.4518388509750366,2.015378952026367,1.620618224143982,1.443037748336792,1.8126498460769653,1.6605757474899292,1.4935158491134644
1.8952499628067017,1.5173547267913818,1.5224173069000244,1.8254200220108032,1.5538867712020874,1.5168676376342773,1.8509753942489624,1.593389630317688,1.488012671470642,1.629962682723999,1.5866507291793823,1.4962682723999023
3.760195732116699,1.540624737739563,1.6208388805389404,3.506392478942871,1.5076905488967896,1.5967109203338623,3.546780586242676,1.5306980609893799,1.5854825973510742,3.2735443115234375,1.4995133876800537,1.5582565069198608
0.9507334232330322,1.4922583103179932,1.550929069519043,1.2749395370483398,1.4595855474472046,1.5337634086608887,3.533036470413208,1.463680386543274,1.5420955419540405,1.4506312608718872,1.5343878269195557,1.6186217069625854
3.1114718914031982,1.5870758295059204,1.53262460231781,2.770381212234497,1.5345479249954224,1.5525144338607788,3.2988758087158203,1.5350250005722046,1.5453671216964722,3.1486001014709473,1.615336298942566,1.512750267982483
2.293281078338623,1.4485808610916138,1.5039119720458984,2.153226852416992,1.4302347898483276,1.5666767358779907,3.0862138271331787,1.512259602546692,1.5401827096939087,2.676342487335205,1.490492343902588,1.565340280532837
3.0019781589508057,1.3862359523773193,1.5897244215011597,2.7978250980377197,1.3933883905410767,1.5562995672225952,2.1665263175964355,1.420535922050476,1.5984779596328735,3.2024104595184326,1.3452658653259277,1.5483098030090332
1.355528473854065,1.4254497289657593,1.5184707641601562,0.2013380527496338,1.5042269229888916,1.5315808057785034,1.3686103820800781,1.46090567111969,1.6257628202438354,1.612311840057373,1.3950793743133545,1.5944973230361938
0.45299243927001953,1.5221725702285767,1.5777060985565186,0.3254542350769043,1.5225763320922852,1.5859785079956055,0.40363526344299316,1.5759501457214355,1.588948369026184,6.22425651550293,1.4705357551574707,1.649960994720459
1.5512607097625732,1.6669143438339233,1.490215539932251,1.4409728050231934,1.6509565114974976,1.541463017463684,1.5363733768463135,1.6604278087615967,1.4639458656311035,1.3326293230056763,1.71286141872406,1.5080316066741943
4.708833694458008,1.6002020835876465,1.6934038400650024,5.070555686950684,1.5671045780181885,1.6393322944641113,4.231542587280273,1.577765703201294,1.5843042135238647,6.14084529876709,1.6010537147521973,1.7215381860733032
0.5236308574676514,1.5027183294296265,1.5934911966323853,6.2015814781188965,1.5636738538742065,1.5838979482650757,1.470473051071167,1.4825903177261353,1.666378140449524,6.01985502243042,1.5970040559768677,1.5327211618423462
1.5605416297912598,1.393865942955017,1.577771544456482,1.3623504638671875,1.3794299364089966,1.5916142463684082,1.6299301385879517,1.4070923328399658,1.5755836963653564,1.7437148094177246,1.339148998260498,1.5869420766830444
3.0326669216156006,1.4597673416137695,1.5849015712738037,3.5627472400665283,1.4796197414398193,1.5791765451431274,3.3496131896972656,1.501854658126831,1.575853705406189,3.4645650386810303,1.486920714378357,1.568379521369934
1.5373328924179077,1.4979718923568726,1.6333391666412354,4.628188133239746,1.526444673538208,1.6189988851547241,1.509130835533142,1.427632212638855,1.6732332706451416,2.0436415672302246,1.4655601978302002,1.639214277267456
2.7017035484313965,1.6114522218704224,1.4897602796554565,2.560354471206665,1.6140118837356567,1.5125787258148193,2.417569637298584,1.7027876377105713,1.4471800327301025,2.2753517627716064,1.6590503454208374,1.5187299251556396
2.702460527420044,1.425997257232666,1.6480530500411987,2.0396816730499268,1.4749913215637207,1.6205542087554932,2.693763017654419,1.5211026668548584,1.5884976387023926,2.310131072998047,1.4347225427627563,1.591371774673462
2.9365861415863037,1.4274168014526367,1.5513601303100586,3.636928081512451,1.4469091892242432,1.5758370161056519,2.892406702041626,1.3984730243682861,1.589392900466919,4.046177864074707,1.4179273843765259,1.6159545183181763
2.6110661029815674,1.3607393503189087,1.5444611310958862,2.7503809928894043,1.433173656463623,1.5448580980300903,2.99867582321167,1.3067539930343628,1.5165350437164307,2.636739730834961,1.2931534051895142,1.6074409484863281
2.2281296253204346,1.5311414003372192,1.5713578462600708,3.642077684402466,1.528259038925171,1.5702831745147705,0.2523939609527588,1.492024540901184,1.573164463043213,3.058676242828369,1.5673389434814453,1.5703084468841553
5.187628746032715,1.3810503482818604,1.6375738382339478,5.400425910949707,1.4514155387878418,1.6326055526733398,4.189136505126953,1.4320608377456665,1.6100780963897705,5.114297389984131,1.4283708333969116,1.62844979763031
0.9096918106079102,1.5680367946624756,1.5806348323822021,0.7600488662719727,1.5423221588134766,1.6160759925842285,1.787908673286438,1.542545199394226,1.566550612449646,2.57134747505188,1.5157325267791748,1.5854023694992065
0.7830119132995605,1.5698368549346924,1.5312753915786743,0.694439172744751,1.514909029006958,1.5128185749053955,5.689438819885254,1.5250753164291382,1.4783896207809448,5.723411560058594,1.5183433294296265,1.5558298826217651
3.18831729888916,1.6530768871307373,1.5472878217697144,2.9565107822418213,1.5982792377471924,1.5632638931274414,3.0575833320617676,1.6655601263046265,1.5146504640579224,3.238760471343994,1.653943657875061,1.5183039903640747
4.2674336433410645,1.7055637836456299,1.513518214225769,4.234732151031494,1.6241997480392456,1.5660594701766968,3.4986889362335205,1.65731942653656,1.4212285280227661,3.595568895339966,1.6327060461044312,1.4753836393356323
2.0559158325195312,1.5268843173980713,1.5701326131820679,1.9062228202819824,1.5186231136322021,1.603164792060852,1.1880570650100708,1.5164798498153687,1.625424861907959,5.564430236816406,1.6174395084381104,1.647641658782959
0.1256392002105713,1.6747671365737915,1.6449183225631714,0.037256717681884766,1.8265125751495361,1.637994408607483,1.3846646547317505,1.5211960077285767,1.6848949193954468,0.9271576404571533,1.8193334341049194,1.6004984378814697
3.373898506164551,1.3656959533691406,1.6430702209472656,3.050288200378418,1.4713871479034424,1.6319087743759155,2.9121909141540527,1.4367166757583618,1.6606318950653076,5.7489914894104,1.4650814533233643,1.6974408626556396
3.214235782623291,1.4823070764541626,1.5086429119110107,2.923079252243042,1.4823238849639893,1.461314082145691,3.2803709506988525,1.4674220085144043,1.5389049053192139,3.494898557662964,1.5271434783935547,1.592266321182251
5.177080154418945,1.494628667831421,1.667984962463379,5.152183532714844,1.5698782205581665,1.6763582229614258,0.6711678504943848,1.4705846309661865,1.5837852954864502,5.540162086486816,1.6493936777114868,1.5989243984222412
3.6214759349823,1.5858073234558105,1.6137877702713013,3.0252625942230225,1.5053879022598267,1.6213184595108032,2.4808807373046875,1.4931268692016602,1.632694959640503,5.042483329772949,1.6199105978012085,1.5995216369628906
3.426598310470581,1.4527146816253662,1.5677125453948975,3.6390740871429443,1.4080543518066406,1.570996880531311,3.7639424800872803,1.4975852966308594,1.5648382902145386,4.047608375549316,1.4757791757583618,1.5230036973953247
3.2179009914398193,1.5280430316925049,1.6221803426742554,3.7045648097991943,1.4888790845870972,1.586921215057373,2.8564627170562744,1.552254557609558,1.617238163948059,5.655511856079102,1.5166016817092896,1.5940877199172974
5.7778401374816895,1.5198049545288086,1.6338272094726562,1.636122465133667,1.469725251197815,1.5712497234344482,6.195029258728027,1.4874236583709717,1.637847661972046,5.564041614532471,1.4827122688293457,1.62965989112854
2.5929629802703857,1.6352505683898926,1.515079379081726,2.8796136379241943,1.5682859420776367,1.518227219581604,2.802255392074585,1.5886844396591187,1.452805995941162,2.5952887535095215,1.5527732372283936,1.5230008363723755
3.2270545959472656,1.504841923713684,1.5489977598190308,4.7620368003845215,1.5719270706176758,1.6434588432312012,3.6435506343841553,1.5681954622268677,1.5620287656784058,0.49030470848083496,1.6251084804534912,1.4733669757843018
0.8163204193115234,1.4785972833633423,1.6218456029891968,3.4306387901306152,1.3955025672912598,1.610553503036499,4.418726921081543,1.5165222883224487,1.6394093036651611,3.6065917015075684,1.3954308032989502,1.6121972799301147
2.710904836654663,1.554438829421997,1.5707191228866577,2.5370757579803467,1.4891787767410278,1.5986474752426147,2.7691726684570312,1.6303551197052002,1.5515650510787964,2.403707504272461,1.4801805019378662,1.5719314813613892
2.8718059062957764,1.3629705905914307,1.5930544137954712,2.941551685333252,1.381509780883789,1.5795385837554932,2.9374747276306152,1.390350341796875,1.5410523414611816,2.9784977436065674,1.4142848253250122,1.6270415782928467
1.7475048303604126,1.5414906740188599,1.566247820854187,1.440072774887085,1.5447466373443604,1.5704171657562256,2.19376277923584,1.5479902029037476,1.5535856485366821,1.2214480638504028,1.5204883813858032,1.5576173067092896
1.1707684993743896,1.4367634057998657,1.5853480100631714,0.7532334327697754,1.4738736152648926,1.62813138961792,1.2967725992202759,1.4295108318328857,1.6319668292999268,6.263669967651367,1.4235292673110962,1.5577882528305054
1.198756456375122,1.6475964784622192,1.503451943397522,1.2187167406082153,1.589081883430481,1.5485135316848755,1.503162145614624,1.7004799842834473,1.5138193368911743,1.3458763360977173,1.61565363407135,1.4884554147720337
5.736600875854492,1.549856424331665,1.4367482662200928,5.870484352111816,1.577822208404541,1.4840341806411743,5.604781150817871,1.655855655670166,1.5129536390304565,1.4788622856140137,1.5590858459472656,1.4729101657867432
0.153306245803833,1.8313719034194946,1.5206910371780396,0.5099625587463379,1.8032147884368896,1.5138059854507446,0.9339778423309326,1.7418708801269531,1.483530044555664,0.9676189422607422,1.7734472751617432,1.4784270524978638
4.304089069366455,1.6059056520462036,1.572719931602478,4.195681571960449,1.58790123462677,1.584844708442688,4.968732833862305,1.5674296617507935,1.5936962366104126,3.6159019470214844,1.603779673576355,1.5556303262710571
1.231663465499878,1.521280288696289,1.6435478925704956,2.8564627170562744,1.552254557609558,1.617238163948059,1.0741615295410156,1.5370008945465088,1.6106358766555786,3.790886402130127,1.4961642026901245,1.6056935787200928
0.9937503337860107,1.5515496730804443,1.5647608041763306,0.7504072189331055,1.5455812215805054,1.5323492288589478,1.1005799770355225,1.5686734914779663,1.5289252996444702,2.0412182807922363,1.6096514463424683,1.5505802631378174
2.554414749145508,1.627625584602356,1.5098623037338257,2.0575313568115234,1.7126774787902832,1.494925618171692,2.2494211196899414,1.6764580011367798,1.4340156316757202,2.5689823627471924,1.650710940361023,1.5617616176605225
4.150867462158203,1.5319334268569946,1.5704954862594604,3.807943820953369,1.546334981918335,1.5985273122787476,3.552509307861328,1.544713020324707,1.5471378564834595,3.4272985458374023,1.5741342306137085,1.5705642700195312
2.1049559116363525,1.4515807628631592,1.5590900182724,2.40698504447937,1.415388822555542,1.5746867656707764,2.4538936614990234,1.349908709526062,1.5563267469406128,2.2024335861206055,1.5020649433135986,1.5481940507888794
0.9812347888946533,1.4729392528533936,1.5340383052825928,1.278669834136963,1.4606685638427734,1.5560270547866821,1.425374984741211,1.4561045169830322,1.5646276473999023,1.3723328113555908,1.4216268062591553,1.5037884712219238
3.9686245918273926,1.6679083108901978,1.5684270858764648,3.0259389877319336,1.6844602823257446,1.5550559759140015,3.567431926727295,1.627073884010315,1.5937845706939697,2.5297539234161377,1.6558796167373657,1.5824440717697144
4.383374214172363,1.5892091989517212,1.4580559730529785,4.771693229675293,1.621206521987915,1.4828332662582397,5.257284641265869,1.5077035427093506,1.5469104051589966,4.689112663269043,1.4728199243545532,1.5453944206237793
5.182355880737305,1.5309638977050781,1.6852538585662842,5.453557014465332,1.532637357711792,1.6573580503463745,6.118633270263672,1.5885471105575562,1.7019060850143433,0.35407471656799316,1.5790798664093018,1.6457771062850952
2.15476655960083,1.521458387374878,1.5904349088668823,2.2267327308654785,1.470993161201477,1.5400062799453735,2.298508644104004,1.5532432794570923,1.4311209917068481,2.2306056022644043,1.621575951576233,1.509926199913025
1.9363919496536255,1.6389541625976562,1.546891450881958,1.938125729560852,1.5888270139694214,1.5346711874008179,2.152866840362549,1.6754828691482544,1.5586963891983032,0.3368558883666992,1.7098251581192017,1.55912446975708
0.2095324993133545,1.724829912185669,1.6097111701965332,0.5670359134674072,1.791299819946289,1.5580406188964844,0.20247554779052734,1.7192751169204712,1.581347942352295,2.4954380989074707,1.7376296520233154,1.5897808074951172
3.9717156887054443,1.583125352859497,1.5660333633422852,4.968732833862305,1.5674296617507935,1.5936962366104126,5.845638275146484,1.5924053192138672,1.5573240518569946,5.243700981140137,1.5947426557540894,1.5950318574905396
5.643819808959961,1.442090392112732,1.6805170774459839,5.811459541320801,1.474018931388855,1.6757229566574097,5.687780380249023,1.3969980478286743,1.6373618841171265,0.4153420925140381,1.4260445833206177,1.6508619785308838
1.0994722843170166,1.4919867515563965,1.7026903629302979,5.723681449890137,1.5178773403167725,1.6691514253616333,5.438571929931641,1.524505376815796,1.6595665216445923,1.3686103820800781,1.46090567111969,1.6257628202438354
1.7043808698654175,1.4350863695144653,1.562021017074585,1.9577147960662842,1.4795584678649902,1.5943291187286377,1.1591105461120605,1.4199594259262085,1.6250221729278564,0.9308197498321533,1.5357861518859863,1.6146501302719116
1.1403913497924805,1.5407748222351074,1.581404447555542,1.6455986499786377,1.5715923309326172,1.6006722450256348,0.9833638668060303,1.6040393114089966,1.656515121459961,1.1287124156951904,1.5781804323196411,1.6686670780181885
2.262545108795166,1.6012545824050903,1.6440942287445068,3.749307632446289,1.6033316850662231,1.6507421731948853,3.739736318588257,1.5700740814208984,1.6714028120040894,3.1539719104766846,1.5874664783477783,1.6095670461654663
1.9816596508026123,1.6450722217559814,1.642573595046997,0.7097182273864746,1.674808382987976,1.558584451675415,6.179423809051514,1.6278252601623535,1.5586501359939575,2.472330093383789,1.6747297048568726,1.4817399978637695
5.5894622802734375,1.6067355871200562,1.6735337972640991,4.321721076965332,1.5227512121200562,1.6533708572387695,4.9656195640563965,1.6813369989395142,1.6287440061569214,5.271550178527832,1.6288089752197266,1.646982192993164
1.6284228563308716,1.5939472913742065,1.54315185546875,0.25750279426574707,1.5967402458190918,1.584219217300415,3.5788631439208984,1.6199878454208374,1.539612889289856,0.7549269199371338,1.649431824684143,1.526188611984253
2.3194751739501953,1.5235919952392578,1.4276546239852905,2.3219175338745117,1.4937878847122192,1.435978651046753,2.285620927810669,1.5179518461227417,1.4497296810150146,2.4069509506225586,1.5670816898345947,1.4258240461349487
1.6731451749801636,1.7329238653182983,1.5052964687347412,1.8521090745925903,1.6529146432876587,1.4868860244750977,1.4378620386123657,1.6608343124389648,1.560243844985962,2.030580520629883,1.707921028137207,1.4504036903381348
0.8670613765716553,1.6103798151016235,1.5661656856536865,1.0528478622436523,1.4909309148788452,1.557019829750061,0.36536335945129395,1.6738795042037964,1.5793492794036865,1.3691306114196777,1.4827022552490234,1.560839295387268
4.347962379455566,1.5396852493286133,1.5151726007461548,2.3786308765411377,1.5520401000976562,1.5737448930740356,4.7149128913879395,1.6418061256408691,1.5573045015335083,0.9784300327301025,1.4447603225708008,1.561748743057251
1.2845972776412964,1.4566082954406738,1.5626847743988037,2.7568697929382324,1.4262619018554688,1.5943273305892944,2.5196876525878906,1.4459929466247559,1.570946216583252,1.6344224214553833,1.4891856908798218,1.5333184003829956
2.7635200023651123,1.4780911207199097,1.5479110479354858,3.7057888507843018,1.5415958166122437,1.5530307292938232,3.7996885776519775,1.5034376382827759,1.5302492380142212,2.3354270458221436,1.4323949813842773,1.551124930381775
2.8246560096740723,1.4269354343414307,1.4856326580047607,2.73339581489563,1.4173145294189453,1.4829657077789307,2.8232169151306152,1.3961617946624756,1.4498704671859741,2.811532974243164,1.4532015323638916,1.4684525728225708
1.1648155450820923,1.5162396430969238,1.6133695840835571,1.5338112115859985,1.5538755655288696,1.5920203924179077,0.7600488662719727,1.5423221588134766,1.6160759925842285,5.99648380279541,1.4956201314926147,1.6449147462844849
1.2455326318740845,1.4875385761260986,1.584212303161621,1.5321290493011475,1.4222933053970337,1.5505427122116089,1.1709263324737549,1.5022156238555908,1.612982988357544,1.7142887115478516,1.4452298879623413,1.5455948114395142
3.1160507202148438,1.5036523342132568,1.4962491989135742,4.01508903503418,1.6011184453964233,1.5487371683120728,2.8708343505859375,1.472333550453186,1.479983925819397,3.5117363929748535,1.5065218210220337,1.4909889698028564
3.085273027420044,1.4265245199203491,1.5537937879562378,3.2135496139526367,1.4230773448944092,1.5443410873413086,2.81081485748291,1.4746689796447754,1.5856927633285522,2.763474941253662,1.3974987268447876,1.5667808055877686
0.05588340759277344,1.532001256942749,1.4634724855422974,5.870484352111816,1.577822208404541,1.4840341806411743,1.4788622856140137,1.5590858459472656,1.4729101657867432,1.3038527965545654,1.5586357116699219,1.472089171409607
4.716081619262695,1.696195363998413,1.5109318494796753,4.714325904846191,1.6612310409545898,1.5002048015594482,5.580033779144287,1.6112712621688843,1.4535398483276367,4.989990711212158,1.6721652746200562,1.5773818492889404
3.603748083114624,1.3460880517959595,1.6138484477996826,3.5418648719787598,1.3807480335235596,1.6068627834320068,4.13233757019043,1.3563181161880493,1.6497703790664673,4.0576324462890625,1.4072624444961548,1.6193957328796387
3.6930055618286133,1.5184983015060425,1.5726357698440552,4.167056083679199,1.5181877613067627,1.6406214237213135,4.250227451324463,1.5949543714523315,1.5844295024871826,4.1864423751831055,1.5717920064926147,1.5979430675506592
2.5716872215270996,1.6984970569610596,1.4745630025863647,2.61088490486145,1.6616744995117188,1.4660048484802246,2.287858486175537,1.703588604927063,1.4371552467346191,3.0829129219055176,1.7173980474472046,1.4451810121536255
6.266700267791748,1.6208311319351196,1.6545376777648926,0.33693408966064453,1.627015471458435,1.6354678869247437,0.7105824947357178,1.6648350954055786,1.6478840112686157,5.740056037902832,1.6377933025360107,1.6563196182250977
2.9699175357818604,1.3536044359207153,1.5594482421875,3.168294668197632,1.3184843063354492,1.5704331398010254,4.130481719970703,1.3666363954544067,1.5648107528686523,2.8053839206695557,1.418164849281311,1.5289266109466553
3.172903299331665,1.6390888690948486,1.462351679801941,3.15505313873291,1.5756869316101074,1.5111173391342163,3.0685102939605713,1.6402239799499512,1.4609789848327637,2.7202036380767822,1.5106264352798462,1.5050069093704224
4.785134792327881,1.525512933731079,1.6983931064605713,6.162540435791016,1.5984015464782715,1.647594928741455,4.858428478240967,1.4855245351791382,1.7333896160125732,5.152183532714844,1.5698782205581665,1.6763582229614258
3.1468393802642822,1.5079436302185059,1.505415678024292,3.274301767349243,1.5627479553222656,1.489974856376648,2.889885425567627,1.5783731937408447,1.4781426191329956,3.5419938564300537,1.4788585901260376,1.5301718711853027
1.592278242111206,1.4584914445877075,1.6385704278945923,2.138260841369629,1.4786738157272339,1.6080422401428223,1.6092216968536377,1.5279351472854614,1.6469202041625977,1.3777841329574585,1.5270286798477173,1.7009460926055908
3.0201516151428223,1.3537441492080688,1.6361364126205444,2.502931833267212,1.2944148778915405,1.6419328451156616,3.0686283111572266,1.3525220155715942,1.6043397188186646,3.071270704269409,1.4169944524765015,1.6231499910354614
5.576003074645996,1.5131433010101318,1.636439323425293,5.575654029846191,1.5116206407546997,1.6704926490783691,3.71586275100708,1.4822818040847778,1.616208553314209,3.84236478805542,1.5081369876861572,1.6411997079849243
2.1020281314849854,1.4945204257965088,1.4931608438491821,2.51704740524292,1.5037273168563843,1.4920406341552734,2.0108327865600586,1.5377635955810547,1.480278491973877,2.3610973358154297,1.5074024200439453,1.4761191606521606
2.803739070892334,1.56139075756073,1.5981537103652954,2.748551845550537,1.4972624778747559,1.6093435287475586,3.3157200813293457,1.5523346662521362,1.6196398735046387,2.300893783569336,1.4536553621292114,1.6279041767120361
1.505610466003418,1.5827261209487915,1.5797920227050781,0.8277764320373535,1.6565788984298706,1.6153185367584229,1.6706209182739258,1.6205767393112183,1.6112664937973022,2.4092788696289062,1.596711277961731,1.5929838418960571
4.466958999633789,1.5485985279083252,1.6023536920547485,3.0224602222442627,1.47182297706604,1.588305115699768,3.6179986000061035,1.52559494972229,1.5495524406433105,4.123301982879639,1.475309133529663,1.553644061088562
0.4783210754394531,1.572652816772461,1.662943720817566,0.33693408966064453,1.627015471458435,1.6354678869247437,0.6680426597595215,1.5866634845733643,1.627943754196167,0.5721783638000488,1.6094605922698975,1.6108381748199463
4.730928897857666,1.6525651216506958,1.6504117250442505,5.47415828704834,1.5768152475357056,1.6567699909210205,4.789524555206299,1.7345997095108032,1.5750586986541748,4.221560955047607,1.718983769416809,1.5687577724456787
2.545647382736206,1.678645133972168,1.475277304649353,2.5919270515441895,1.7005146741867065,1.4817498922348022,2.579800605773926,1.6371402740478516,1.460004210472107,1.7294511795043945,1.7068418264389038,1.476942539215088
3.201181173324585,1.4255439043045044,1.6093331575393677,3.1431338787078857,1.44861900806427,1.6135352849960327,2.8708853721618652,1.4762985706329346,1.6215388774871826,3.4481520652770996,1.4058657884597778,1.6060110330581665
3.3538050651550293,1.568694829940796,1.4492729902267456,2.6582462787628174,1.538773536682129,1.4745877981185913,2.8632731437683105,1.6436214447021484,1.4176255464553833,3.072904348373413,1.6377760171890259,1.4734359979629517
2.236539363861084,1.4911617040634155,1.5691945552825928,4.505184173583984,1.5801115036010742,1.5848997831344604,0.8938541412353516,1.5075732469558716,1.486947774887085,3.410466194152832,1.50374174118042,1.4684653282165527
3.5734519958496094,1.420002818107605,1.6276488304138184,5.558988571166992,1.4139260053634644,1.6306122541427612,5.8520660400390625,1.475218653678894,1.6158130168914795,2.1087393760681152,1.4536237716674805,1.5417935848236084
1.2412177324295044,1.5525013208389282,1.5217326879501343,0.6263213157653809,1.6214430332183838,1.567638635635376,2.1363024711608887,1.6349900960922241,1.543520450592041,2.0359649658203125,1.4467813968658447,1.540703535079956
2.5386650562286377,1.3877156972885132,1.650099754333496,2.3362669944763184,1.3900068998336792,1.5788484811782837,2.140076160430908,1.409603476524353,1.693750023841858,2.235196828842163,1.368359088897705,1.6198046207427979
1.2996573448181152,1.4968898296356201,1.5241725444793701,4.726140975952148,1.5099940299987793,1.5412505865097046,2.73339581489563,1.4173145294189453,1.4829657077789307,1.4364920854568481,1.5278277397155762,1.5564813613891602
1.2704167366027832,1.5985095500946045,1.6666231155395508,1.6092216968536377,1.5279351472854614,1.6469202041625977,1.7437553405761719,1.4899225234985352,1.6940141916275024,2.2439088821411133,1.5978050231933594,1.6021690368652344
1.4885793924331665,1.5098967552185059,1.6906863451004028,1.6584317684173584,1.5665521621704102,1.6513211727142334,1.5204998254776,1.5931780338287354,1.7099549770355225,1.9448906183242798,1.5357983112335205,1.6804689168930054
2.624943256378174,1.7925922870635986,1.479654312133789,4.1850481033325195,1.772268295288086,1.462921142578125,2.6981260776519775,1.7817292213439941,1.4764138460159302,1.159630298614502,1.6763499975204468,1.5460063219070435
3.6127476692199707,1.5471477508544922,1.62485933303833,3.3629772663116455,1.5044267177581787,1.7298686504364014,3.6925740242004395,1.4319716691970825,1.687375545501709,3.443660259246826,1.3762797117233276,1.6996071338653564
1.3471128940582275,1.5623358488082886,1.7026530504226685,3.085508346557617,1.6461188793182373,1.645835280418396,1.1296257972717285,1.5949007272720337,1.6062166690826416,1.498822569847107,1.5803802013397217,1.687561273574829
0.3000655174255371,1.5090951919555664,1.7018237113952637,5.769091606140137,1.5079706907272339,1.631471037864685,1.0813496112823486,1.5142784118652344,1.6289454698562622,5.819484233856201,1.552446722984314,1.7170886993408203
1.0527660846710205,1.6101224422454834,1.4764454364776611,1.5627940893173218,1.6447817087173462,1.4488708972930908,1.629962682723999,1.5866507291793823,1.4962682723999023,1.2418122291564941,1.6107181310653687,1.493425726890564
3.453526735305786,1.5268141031265259,1.6042643785476685,3.026348114013672,1.4480336904525757,1.5888171195983887,2.984400987625122,1.4738937616348267,1.5936952829360962,3.0940403938293457,1.4593303203582764,1.5862727165222168
3.529108762741089,1.6050361394882202,1.5594761371612549,3.0259389877319336,1.6844602823257446,1.5550559759140015,3.567431926727295,1.627073884010315,1.5937845706939697,4.055702209472656,1.514763593673706,1.5473297834396362
3.7669806480407715,1.6571089029312134,1.5909019708633423,4.10213041305542,1.6374708414077759,1.5970091819763184,4.667606353759766,1.641244888305664,1.5218091011047363,3.1439592838287354,1.548178791999817,1.5268745422363281
3.1705448627471924,1.6296987533569336,1.453211784362793,2.5831029415130615,1.655715823173523,1.5368852615356445,3.006939649581909,1.6634547710418701,1.4705853462219238,3.2819807529449463,1.6343116760253906,1.4641751050949097
3.2038803100585938,1.4979145526885986,1.5322014093399048,3.171912670135498,1.4832223653793335,1.5872422456741333,3.4688713550567627,1.491416573524475,1.5778942108154297,3.939408302307129,1.5589110851287842,1.5829137563705444
1.458319902420044,1.5720312595367432,1.573848009109497,1.3011901378631592,1.58377206325531,1.5353344678878784,1.8959708213806152,1.5728628635406494,1.5347763299942017,1.219956874847412,1.5858451128005981,1.5304847955703735
3.146271228790283,1.467451810836792,1.6752811670303345,2.8245675563812256,1.5017191171646118,1.6502453088760376,3.2241296768188477,1.4813313484191895,1.6414669752120972,2.277123212814331,1.3878289461135864,1.6913187503814697
2.7631897926330566,1.5303540229797363,1.5214920043945312,2.7616634368896484,1.4886034727096558,1.5249074697494507,2.5952887535095215,1.5527732372283936,1.5230008363723755,2.8796136379241943,1.5682859420776367,1.518227219581604
4.686347007751465,1.3946402072906494,1.554994821548462,5.819051742553711,1.4718377590179443,1.5880836248397827,4.459877967834473,1.523977518081665,1.5826153755187988,4.278997421264648,1.5136494636535645,1.604081392288208
1.795345425605774,1.4572889804840088,1.5553932189941406,1.568559169769287,1.3631806373596191,1.5666905641555786,2.9369330406188965,1.5168821811676025,1.5481594800949097,2.3771755695343018,1.5013628005981445,1.5760166645050049
0.852698802947998,1.5627433061599731,1.651288628578186,1.1364259719848633,1.6011130809783936,1.6463699340820312,1.07932710647583,1.6321884393692017,1.6408050060272217,1.1650068759918213,1.4967199563980103,1.6208654642105103
4.026771545410156,1.6664845943450928,1.562275767326355,0.9542782306671143,1.6774623394012451,1.57052481174469,1.1063697338104248,1.7933069467544556,1.5010250806808472,2.291562795639038,1.5944818258285522,1.5925922393798828
3.72298526763916,1.5919785499572754,1.7231451272964478,0.021359920501708984,1.6046983003616333,1.7690966129302979,3.9314098358154297,1.6002154350280762,1.7205827236175537,4.350870132446289,1.616849422454834,1.7192751169204712
1.663730502128601,1.6088088750839233,1.519834041595459,1.3602715730667114,1.6648831367492676,1.5390337705612183,1.2719391584396362,1.5772948265075684,1.579336166381836,1.4077457189559937,1.6211873292922974,1.5097239017486572
4.528911590576172,1.6101120710372925,1.6499357223510742,4.807089328765869,1.6758681535720825,1.6143051385879517,4.821361541748047,1.673831582069397,1.6180051565170288,4.585065841674805,1.5399293899536133,1.6346906423568726
1.1793879270553589,1.4977835416793823,1.6066207885742188,0.2529900074005127,1.529772162437439,1.5699132680892944,6.259394645690918,1.5589131116867065,1.6313098669052124,1.6431039571762085,1.4693816900253296,1.594382643699646
3.2972474098205566,1.4171080589294434,1.6009373664855957,2.885438919067383,1.4327962398529053,1.6224664449691772,2.6618101596832275,1.3769656419754028,1.65975821018219,2.753314971923828,1.4321138858795166,1.6205511093139648
1.6210418939590454,1.38914155960083,1.5130525827407837,2.0843687057495117,1.383623480796814,1.5239651203155518,1.2169808149337769,1.369602918624878,1.5505987405776978,1.7381941080093384,1.408766269683838,1.5505162477493286
1.9418154954910278,1.4898630380630493,1.4216837882995605,1.3843193054199219,1.5028643608093262,1.4750068187713623,2.261335611343384,1.3734146356582642,1.4869048595428467,2.554049015045166,1.3603686094284058,1.500119686126709
0.3879666328430176,1.5876318216323853,1.5391675233840942,0.5707368850708008,1.5612798929214478,1.5289815664291382,0.3162357807159424,1.5422052145004272,1.4868007898330688,0.07771587371826172,1.6191978454589844,1.5307137966156006
1.1882661581039429,1.3609751462936401,1.6116411685943604,1.2171212434768677,1.3900679349899292,1.6010838747024536,1.4942302703857422,1.3325845003128052,1.6003358364105225,1.3412926197052002,1.4124133586883545,1.6200025081634521
0.5572855472564697,1.5449079275131226,1.524777889251709,0.613039493560791,1.5321474075317383,1.5510566234588623,1.366814374923706,1.4827457666397095,1.5425351858139038,0.40439653396606445,1.5117284059524536,1.558288812637329
1.8175841569900513,1.5689281225204468,1.6519222259521484,4.952929496765137,1.5627877712249756,1.7041900157928467,2.379640579223633,1.4907454252243042,1.684514045715332,0.2396531105041504,1.604598045349121,1.6279184818267822
2.8441660404205322,1.5558910369873047,1.568947434425354,3.497131824493408,1.5380607843399048,1.5636323690414429,3.3156449794769287,1.5961028337478638,1.5360854864120483,2.66860032081604,1.593040108680725,1.5813699960708618
2.208937644958496,1.6892441511154175,1.4240484237670898,2.206636667251587,1.6815667152404785,1.3764926195144653,2.1017162799835205,1.6697062253952026,1.4733797311782837,2.4027202129364014,1.5923386812210083,1.3906254768371582
2.208512783050537,1.3769006729125977,1.6897495985031128,3.2901344299316406,1.4512635469436646,1.6586875915527344,2.6434216499328613,1.4714689254760742,1.5848519802093506,2.380079746246338,1.3847111463546753,1.652388334274292
2.4668209552764893,1.5444198846817017,1.5862133502960205,2.2579567432403564,1.5578354597091675,1.6096819639205933,3.2286934852600098,1.5243744850158691,1.6248608827590942,2.3100695610046387,1.503010630607605,1.6475175619125366
0.022701025009155273,1.648969054222107,1.5052469968795776,0.8219003677368164,1.6152849197387695,1.5007710456848145,0.6352245807647705,1.7074415683746338,1.5246102809906006,5.396450996398926,1.6924840211868286,1.5489747524261475
3.515083074569702,1.5261377096176147,1.6484653949737549,3.63090181350708,1.5581821203231812,1.632934331893921,4.1431965827941895,1.5201760530471802,1.6284440755844116,4.243609428405762,1.5502275228500366,1.6529756784439087
2.335655689239502,1.446726679801941,1.6191555261611938,2.1189632415771484,1.4652382135391235,1.6880398988723755,2.1826183795928955,1.4546602964401245,1.6325452327728271,3.397604465484619,1.3594951629638672,1.5982086658477783
1.4134725332260132,1.5552301406860352,1.4693117141723633,2.014120578765869,1.553397536277771,1.45127272605896,1.616550087928772,1.5765985250473022,1.4716064929962158,1.4191184043884277,1.6074047088623047,1.4619932174682617
4.164530277252197,1.5487563610076904,1.6385589838027954,3.653653621673584,1.5625221729278564,1.6226449012756348,3.4978628158569336,1.5066907405853271,1.589184045791626,3.6317286491394043,1.5551252365112305,1.5753525495529175
4.404079914093018,1.60233473777771,1.637142539024353,3.9536027908325195,1.548768162727356,1.5391765832901,5.062152862548828,1.5897681713104248,1.6582156419754028,4.536746978759766,1.53691565990448,1.6161994934082031
3.078908681869507,1.4746102094650269,1.6069549322128296,2.310131072998047,1.4347225427627563,1.591371774673462,2.0396816730499268,1.4749913215637207,1.6205542087554932,2.693763017654419,1.5211026668548584,1.5884976387023926
1.575287103652954,1.6389167308807373,1.5195547342300415,1.3708012104034424,1.6889598369598389,1.4368703365325928,1.0293898582458496,1.6405837535858154,1.4868009090423584,1.6199703216552734,1.7084664106369019,1.5169202089309692
2.752136468887329,1.3515727519989014,1.6078639030456543,3.2910354137420654,1.3324990272521973,1.6106843948364258,2.5290064811706543,1.3830883502960205,1.6358872652053833,2.6376185417175293,1.3889726400375366,1.636339783668518
5.360051155090332,1.5756330490112305,1.566878080368042,3.8205649852752686,1.6272772550582886,1.532700538635254,4.276671886444092,1.5918313264846802,1.5735182762145996,1.0414485931396484,1.6213889122009277,1.5023119449615479
2.9771647453308105,1.5224884748458862,1.5695323944091797,3.0769565105438232,1.547627568244934,1.5912699699401855,2.955828905105591,1.4728422164916992,1.6028600931167603,3.797206401824951,1.574337363243103,1.6050821542739868
1.5779322385787964,1.4783645868301392,1.6663086414337158,2.3205466270446777,1.4860342741012573,1.6249691247940063,2.1328864097595215,1.4556487798690796,1.6154499053955078,2.258835554122925,1.45082688331604,1.6596711874008179
3.8910117149353027,1.7055895328521729,1.5227938890457153,4.3651885986328125,1.6831907033920288,1.5361499786376953,4.329577445983887,1.7277777194976807,1.5200077295303345,4.47891092300415,1.6675803661346436,1.5216022729873657
4.302228927612305,1.4878315925598145,1.5852210521697998,4.472899436950684,1.5600454807281494,1.5890233516693115,3.7498791217803955,1.4907737970352173,1.549871802330017,4.126766681671143,1.466064214706421,1.6235241889953613
0.9411795139312744,1.619248867034912,1.6453626155853271,0.9787318706512451,1.56410551071167,1.6162528991699219,1.2747076749801636,1.5537493228912354,1.5819039344787598,1.256110429763794,1.6102806329727173,1.5820566415786743
1.4666134119033813,1.6659328937530518,1.5030956268310547,1.8452255725860596,1.6589292287826538,1.4889581203460693,1.8840826749801636,1.6082557439804077,1.4989029169082642,1.3458763360977173,1.61565363407135,1.4884554147720337
0.8156647682189941,1.6734411716461182,1.5867105722427368,2.421738386154175,1.7032203674316406,1.5974459648132324,1.443077564239502,1.7002872228622437,1.626091480255127,1.5128848552703857,1.6379461288452148,1.5603164434432983
4.098697185516357,1.6036657094955444,1.6939555406570435,3.907331943511963,1.5713592767715454,1.6286704540252686,3.6210694313049316,1.5797293186187744,1.5728778839111328,3.8462283611297607,1.5741218328475952,1.6712993383407593
2.9196808338165283,1.5746700763702393,1.5309568643569946,2.0982251167297363,1.5528661012649536,1.490247130393982,3.0768744945526123,1.4904979467391968,1.5423166751861572,3.2593188285827637,1.5933496952056885,1.584426999092102
1.5850752592086792,1.6667935848236084,1.5631502866744995,1.617321252822876,1.6823216676712036,1.5638996362686157,1.4243052005767822,1.6202369928359985,1.5770437717437744,2.1915345191955566,1.669129729270935,1.5929166078567505
1.0678603649139404,1.6546586751937866,1.5425206422805786,0.8963363170623779,1.6893545389175415,1.5432360172271729,0.8992834091186523,1.710340976715088,1.6036430597305298,1.3310028314590454,1.5866401195526123,1.5618950128555298
3.8726511001586914,1.582303524017334,1.6306383609771729,0.32741522789001465,1.5864092111587524,1.641688346862793,5.959314346313477,1.5718923807144165,1.6613681316375732,6.2593994140625,1.5953078269958496,1.6487276554107666
5.7397871017456055,1.4469194412231445,1.5699400901794434,4.130481719970703,1.3666363954544067,1.5648107528686523,6.050398826599121,1.471206545829773,1.5649899244308472,0.055629730224609375,1.4535335302352905,1.5371465682983398
3.415825128555298,1.5316299200057983,1.5443638563156128,4.0157880783081055,1.4820016622543335,1.5647814273834229,3.5038540363311768,1.4998490810394287,1.5664570331573486,2.9645919799804688,1.4801949262619019,1.5696098804473877
4.4297380447387695,1.569757342338562,1.5670313835144043,4.6460981369018555,1.5434006452560425,1.5880216360092163,4.429774284362793,1.51311194896698,1.5819770097732544,4.806411266326904,1.6047601699829102,1.6077710390090942
3.481447219848633,1.5219237804412842,1.5630311965942383,3.2634050846099854,1.5432199239730835,1.5396133661270142,3.5381014347076416,1.4974116086959839,1.5839269161224365,3.1306941509246826,1.5345200300216675,1.5526565313339233
1.8985419273376465,1.6201014518737793,1.6073795557022095,2.9835095405578613,1.6526403427124023,1.5684623718261719,2.240131139755249,1.684799313545227,1.5026057958602905,1.9186097383499146,1.651654839515686,1.6204968690872192
3.1638941764831543,1.5563756227493286,1.5685676336288452,3.328960657119751,1.6218663454055786,1.5738931894302368,3.2960901260375977,1.5600653886795044,1.576225996017456,3.2142066955566406,1.5323129892349243,1.5575556755065918
3.077263116836548,1.516723871231079,1.5949989557266235,2.4808807373046875,1.4931268692016602,1.632694959640503,3.6105377674102783,1.4949864149093628,1.6322189569473267,3.0252625942230225,1.5053879022598267,1.6213184595108032
0.9999592304229736,1.4551383256912231,1.7093384265899658,1.6326825618743896,1.5313777923583984,1.7350701093673706,5.23452091217041,1.4738413095474243,1.6592310667037964,2.056983232498169,1.436413049697876,1.682901382446289
2.3389601707458496,1.3707185983657837,1.631686806678772,1.5656201839447021,1.391151785850525,1.6380382776260376,3.786588191986084,1.4329884052276611,1.6291639804840088,2.2100374698638916,1.4119139909744263,1.597292184829712
2.5063791275024414,1.7675799131393433,1.4479488134384155,2.2389638423919678,1.6556285619735718,1.487383246421814,2.1303815841674805,1.7119040489196777,1.4493610858917236,2.9364168643951416,1.739672064781189,1.4416096210479736
1.7961702346801758,1.6181772947311401,1.6206529140472412,2.0231142044067383,1.6341099739074707,1.6670544147491455,2.5628950595855713,1.5903087854385376,1.678083896636963,2.6616148948669434,1.5872164964675903,1.5912668704986572
4.847840309143066,1.5910406112670898,1.7061814069747925,4.700103759765625,1.620227336883545,1.678981900215149,5.540959358215332,1.613683819770813,1.7197498083114624,4.999566555023193,1.5567097663879395,1.7231862545013428
0.4548461437225342,1.5507386922836304,1.5699478387832642,6.247015953063965,1.5689160823822021,1.6313438415527344,3.905632972717285,1.5188934803009033,1.5803457498550415,2.017362594604492,1.5410706996917725,1.5867761373519897
2.2475180625915527,1.6174696683883667,1.465572476387024,2.1300597190856934,1.6574678421020508,1.4325696229934692,2.3124313354492188,1.6329282522201538,1.444677710533142,2.4069509506225586,1.5670816898345947,1.4258240461349487
2.9048545360565186,1.6135668754577637,1.423757791519165,2.919642925262451,1.677991271018982,1.4102845191955566,2.826441764831543,1.6946450471878052,1.4276454448699951,2.924581527709961,1.6552520990371704,1.4286798238754272
3.0472800731658936,1.4945489168167114,1.5394244194030762,2.6450586318969727,1.4452545642852783,1.528106689453125,3.667856216430664,1.4658238887786865,1.5662368535995483,3.329641580581665,1.5841320753097534,1.565150499343872
2.905522584915161,1.6043471097946167,1.6594902276992798,2.7197811603546143,1.6015880107879639,1.6423187255859375,3.01792311668396,1.617308497428894,1.5976202487945557,3.617800712585449,1.5847387313842773,1.5936529636383057
0.24973416328430176,1.5684174299240112,1.5499933958053589,6.218377590179443,1.5948705673217773,1.5964508056640625,0.1952674388885498,1.5640093088150024,1.5666759014129639,0.6345646381378174,1.5684739351272583,1.446147084236145
0.03630495071411133,1.475922703742981,1.6822049617767334,0.25447988510131836,1.4676462411880493,1.665732502937317,0.5004253387451172,1.475864291191101,1.6981420516967773,0.837644100189209,1.4221042394638062,1.6279041767120361
6.034177780151367,1.484207034111023,1.602768898010254,4.636024475097656,1.435681700706482,1.6411075592041016,5.769091606140137,1.5079706907272339,1.631471037864685,0.015339851379394531,1.5322965383529663,1.557038426399231
2.923046588897705,1.4891828298568726,1.5512436628341675,3.8731019496917725,1.519835114479065,1.5889825820922852,3.9808502197265625,1.5160725116729736,1.5615607500076294,2.6156504154205322,1.5680841207504272,1.5188724994659424
1.87641441822052,1.4356095790863037,1.519181728363037,2.1031041145324707,1.5342713594436646,1.5530877113342285,4.8948073387146,1.5392206907272339,1.6244019269943237,2.4691600799560547,1.3872833251953125,1.5684027671813965
0.2400500774383545,1.562995433807373,1.6034566164016724,6.259394645690918,1.5589131116867065,1.6313098669052124,0.11453938484191895,1.6056599617004395,1.5535633563995361,0.08361983299255371,1.5992414951324463,1.5629228353500366
2.3221306800842285,1.5158565044403076,1.5570703744888306,2.5654456615448,1.6261134147644043,1.5798771381378174,1.2242217063903809,1.5459659099578857,1.6116305589675903,3.2257683277130127,1.534247636795044,1.5638725757598877
0.1887035369873047,1.4998890161514282,1.637088656425476,0.356034517288208,1.5175801515579224,1.6293540000915527,1.34370756149292,1.4696317911148071,1.6201276779174805,5.607067108154297,1.5448641777038574,1.6323915719985962
2.6974291801452637,1.3713942766189575,1.5507749319076538,3.0705978870391846,1.389521598815918,1.5389548540115356,2.5878515243530273,1.359997034072876,1.5675101280212402,1.85428786277771,1.440947413444519,1.5667502880096436
6.056567192077637,1.6020795106887817,1.562720537185669,5.961441993713379,1.5415555238723755,1.568360447883606,0.15378594398498535,1.597824215888977,1.5849080085754395,5.491492748260498,1.5918954610824585,1.6285077333450317
0.549419641494751,1.5268396139144897,1.5704153776168823,0.7278432846069336,1.5468909740447998,1.4931584596633911,0.9884817600250244,1.546478033065796,1.5594482421875,0.7902469635009766,1.5560969114303589,1.5356584787368774
0.14449691772460938,1.609092116355896,1.6566184759140015,6.2593994140625,1.5953078269958496,1.6487276554107666,5.959314346313477,1.5718923807144165,1.6613681316375732,5.5797929763793945,1.6553213596343994,1.6782896518707275
1.599391222000122,1.7976770401000977,1.4602161645889282,2.0795536041259766,1.76535165309906,1.4297821521759033,0.7480685710906982,1.7451424598693848,1.4263540506362915,0.8942627906799316,1.762006163597107,1.4822138547897339
2.2640204429626465,1.5026904344558716,1.4865989685058594,2.115468978881836,1.490583896636963,1.4297994375228882,2.200544834136963,1.5534523725509644,1.4558151960372925,2.3579320907592773,1.4101407527923584,1.4133362770080566
3.5741443634033203,1.5195146799087524,1.4934195280075073,3.3500771522521973,1.4966049194335938,1.5342820882797241,3.2607431411743164,1.4922317266464233,1.4561654329299927,3.1721065044403076,1.5892475843429565,1.406323790550232
4.822319030761719,1.6293139457702637,1.6679637432098389,4.709754943847656,1.6191754341125488,1.6352518796920776,2.64967679977417,1.584897756576538,1.6387362480163574,3.7041501998901367,1.547905683517456,1.5860633850097656
0.5587472915649414,1.5892091989517212,1.6525555849075317,2.4532389640808105,1.6104627847671509,1.6119091510772705,1.3522899150848389,1.6052910089492798,1.630021572113037,1.378591537475586,1.5368859767913818,1.6217015981674194
2.1897969245910645,1.393672227859497,1.6023046970367432,2.59002947807312,1.388183832168579,1.6035501956939697,2.024013042449951,1.3813682794570923,1.5907312631607056,2.022294044494629,1.3977978229522705,1.6113934516906738
1.4476099014282227,1.5253546237945557,1.6036561727523804,1.506725788116455,1.4563004970550537,1.5542171001434326,0.3436470031738281,1.589992642402649,1.6646407842636108,2.0560555458068848,1.5833635330200195,1.5090312957763672
2.281691074371338,1.4573932886123657,1.4654533863067627,0.9696841239929199,1.5222289562225342,1.4871891736984253,2.1341867446899414,1.546103835105896,1.4774084091186523,2.32747745513916,1.5314513444900513,1.4132733345031738
3.818920850753784,1.457837700843811,1.555012583732605,2.0359649658203125,1.4467813968658447,1.540703535079956,4.772800445556641,1.4352926015853882,1.6765936613082886,3.4909589290618896,1.4273655414581299,1.588374137878418
2.73199200630188,1.5393214225769043,1.5771689414978027,3.9587626457214355,1.5491571426391602,1.5708338022232056,2.425358295440674,1.5118474960327148,1.5628206729888916,3.7146499156951904,1.4961711168289185,1.5693109035491943
1.9305442571640015,1.4954438209533691,1.5279827117919922,5.0767951011657715,1.5214817523956299,1.548733115196228,0.2529900074005127,1.529772162437439,1.5699132680892944,2.9880454540252686,1.5034067630767822,1.5056096315383911
6.245458602905273,1.7209383249282837,1.5645331144332886,1.1615272760391235,1.6833101511001587,1.5467408895492554,0.25014805793762207,1.5847655534744263,1.633485198020935,0.5470259189605713,1.6550532579421997,1.5583992004394531
2.12617826461792,1.5435047149658203,1.6475777626037598,2.1580910682678223,1.543988585472107,1.612951397895813,2.186408042907715,1.5299549102783203,1.5879472494125366,2.0748307704925537,1.5332014560699463,1.534747838973999
1.0001263618469238,1.6203516721725464,1.5551207065582275,1.0834128856658936,1.590827465057373,1.5886573791503906,1.1321125030517578,1.6229186058044434,1.5649393796920776,1.2921476364135742,1.6345241069793701,1.5503571033477783
0.7761588096618652,1.6694799661636353,1.518862009048462,1.0242276191711426,1.663849949836731,1.634987473487854,0.7361760139465332,1.6705583333969116,1.6270500421524048,0.621262788772583,1.643660068511963,1.5366699695587158
6.27734899520874,1.5480116605758667,1.6405185461044312,0.35407471656799316,1.5790798664093018,1.6457771062850952,5.453557014465332,1.532637357711792,1.6573580503463745,5.777835845947266,1.5548419952392578,1.6507104635238647
4.036582946777344,1.4461710453033447,1.5886499881744385,3.9434638023376465,1.435848355293274,1.6064233779907227,4.504559516906738,1.5707769393920898,1.580528974533081,3.279186487197876,1.4496824741363525,1.5953054428100586
2.9030747413635254,1.6822078227996826,1.4837496280670166,3.3037779331207275,1.635654330253601,1.5135232210159302,2.879711866378784,1.6210333108901978,1.4755879640579224,3.0879530906677246,1.6181585788726807,1.476482629776001
0.3779613971710205,1.3947139978408813,1.6472418308258057,0.6334183216094971,1.4464350938796997,1.6030274629592896,5.687780380249023,1.3969980478286743,1.6373618841171265,0.4153420925140381,1.4260445833206177,1.6508619785308838
4.165628433227539,1.3750754594802856,1.5907268524169922,3.931842565536499,1.3895925283432007,1.5158441066741943,3.796607732772827,1.4007395505905151,1.5126570463180542,3.6153714656829834,1.443350911140442,1.549164056777954
1.6439920663833618,1.3656190633773804,1.618900179862976,2.409025192260742,1.3583977222442627,1.6008639335632324,2.7061104774475098,1.3605337142944336,1.6102286577224731,2.8917996883392334,1.3967312574386597,1.632869005203247
2.5998375415802,1.4467819929122925,1.5074907541275024,2.494570016860962,1.4511041641235352,1.5439494848251343,2.3171443939208984,1.4764084815979004,1.560677170753479,2.6775155067443848,1.4806526899337769,1.5947861671447754
2.501920223236084,1.6036467552185059,1.7171112298965454,2.6005425453186035,1.600282073020935,1.6681729555130005,3.619107723236084,1.5959926843643188,1.6566779613494873,2.7083847522735596,1.5666906833648682,1.7239748239517212
2.357764482498169,1.3379968404769897,1.5650858879089355,2.432821750640869,1.321151614189148,1.5589550733566284,2.4538936614990234,1.349908709526062,1.5563267469406128,2.8610689640045166,1.4175089597702026,1.5959597826004028
2.15686297416687,1.3831522464752197,1.6997730731964111,2.140076160430908,1.409603476524353,1.693750023841858,2.3111062049865723,1.3969992399215698,1.6950222253799438,2.6619412899017334,1.3618911504745483,1.6659455299377441
5.410234451293945,1.674612045288086,1.5146151781082153,5.150649070739746,1.723834753036499,1.5013117790222168,6.18813419342041,1.61593496799469,1.5856118202209473,2.0246472358703613,1.6402652263641357,1.4783731698989868
5.862914085388184,1.4890676736831665,1.724340558052063,6.146899223327637,1.557233452796936,1.666322112083435,5.362910270690918,1.64456307888031,1.6201528310775757,5.122995853424072,1.5670814514160156,1.635074496269226
3.9593820571899414,1.648300051689148,1.5780020952224731,3.5525126457214355,1.5709619522094727,1.5527995824813843,4.549907207489014,1.65756356716156,1.6472563743591309,3.5791268348693848,1.5961700677871704,1.54045832157135
5.288449287414551,1.6125041246414185,1.5625957250595093,2.488990545272827,1.6092360019683838,1.4912599325180054,4.068593978881836,1.5580604076385498,1.6114341020584106,3.7777504920959473,1.6013175249099731,1.6030369997024536
2.89361310005188,1.4409514665603638,1.5300382375717163,2.9656853675842285,1.416502594947815,1.5749521255493164,4.034404754638672,1.4751540422439575,1.5469664335250854,3.0786221027374268,1.5000215768814087,1.5694572925567627
3.9903388023376465,1.4775466918945312,1.7064332962036133,3.9072189331054688,1.4014761447906494,1.6781336069107056,3.6941657066345215,1.4641470909118652,1.6159952878952026,3.990389108657837,1.4677854776382446,1.6485041379928589
5.286791801452637,1.7192285060882568,1.5973105430603027,4.872533798217773,1.6699682474136353,1.5835293531417847,5.353848457336426,1.6951535940170288,1.5954949855804443,4.818866729736328,1.67970609664917,1.5983251333236694
1.8893482685089111,1.4548592567443848,1.5991467237472534,4.570925712585449,1.5022403001785278,1.6049541234970093,4.47468900680542,1.5412558317184448,1.621937870979309,3.366602897644043,1.5346804857254028,1.5911136865615845
0.1498270034790039,1.7435903549194336,1.5866798162460327,3.0188333988189697,1.7474274635314941,1.536861777305603,2.207186460494995,1.6774786710739136,1.5656298398971558,5.36882209777832,1.7688899040222168,1.6026232242584229
4.363272666931152,1.6312694549560547,1.6474337577819824,4.479190349578857,1.666356086730957,1.6341142654418945,4.295233249664307,1.7004033327102661,1.6304184198379517,4.696523666381836,1.5263880491256714,1.6966854333877563
5.0411376953125,1.5901622772216797,1.5696637630462646,4.676879405975342,1.630387306213379,1.544596552848816,3.915998935699463,1.5572775602340698,1.5765533447265625,4.220648765563965,1.5370298624038696,1.6227778196334839
2.917332887649536,1.4813573360443115,1.5890512466430664,3.0170979499816895,1.516493558883667,1.621346116065979,2.748551845550537,1.4972624778747559,1.6093435287475586,3.6821420192718506,1.5020633935928345,1.6567000150680542
0.6922752857208252,1.6652518510818481,1.6048983335494995,0.057938337326049805,1.6684640645980835,1.5537441968917847,5.786850929260254,1.6657941341400146,1.6152294874191284,1.2559508085250854,1.6085724830627441,1.6353946924209595
3.116154670715332,1.637488842010498,1.4386128187179565,2.7867114543914795,1.6881804466247559,1.431531548500061,2.9021029472351074,1.6366641521453857,1.455151081085205,2.9094958305358887,1.6673977375030518,1.4116636514663696
2.669499397277832,1.5549699068069458,1.5986806154251099,2.3281679153442383,1.620015025138855,1.6160095930099487,1.4732544422149658,1.5336401462554932,1.643880009651184,4.1914873123168945,1.5758455991744995,1.625615119934082
3.662029504776001,1.546101450920105,1.5581037998199463,3.2634050846099854,1.5432199239730835,1.5396133661270142,4.00268030166626,1.5255061388015747,1.6234776973724365,4.345484256744385,1.6002650260925293,1.5299382209777832
3.786663055419922,1.4744879007339478,1.6091814041137695,3.9605231285095215,1.4488391876220703,1.6315971612930298,3.4629666805267334,1.4567943811416626,1.5774776935577393,2.6500327587127686,1.5686031579971313,1.5127918720245361
2.040332317352295,1.51296067237854,1.6378929615020752,2.633547067642212,1.5015472173690796,1.6803674697875977,1.7923784255981445,1.5301083326339722,1.6313730478286743,1.8683584928512573,1.4859280586242676,1.5763226747512817
1.5438876152038574,1.383358359336853,1.6852126121520996,1.8197582960128784,1.384414792060852,1.6891621351242065,1.6341230869293213,1.447081446647644,1.6658223867416382,1.6144466400146484,1.4745296239852905,1.674773097038269
2.850595712661743,1.6846851110458374,1.4061919450759888,2.5598764419555664,1.665445327758789,1.3736776113510132,2.9620296955108643,1.6687283515930176,1.3974298238754272,2.9160561561584473,1.7155581712722778,1.4110080003738403
0.11729645729064941,1.5038275718688965,1.5567700862884521,0.18270564079284668,1.5207645893096924,1.5771329402923584,1.4364920854568481,1.5278277397155762,1.5564813613891602,5.63846492767334,1.5400880575180054,1.6527456045150757
0.9395639896392822,1.3775978088378906,1.6344107389450073,0.9702835083007812,1.4502750635147095,1.624634861946106,0.9648330211639404,1.4799860715866089,1.608172059059143,1.0241360664367676,1.4299311637878418,1.6699835062026978
2.403306007385254,1.4785082340240479,1.6626648902893066,1.8984521627426147,1.4505058526992798,1.646543025970459,3.520143747329712,1.5192099809646606,1.6292691230773926,2.3396944999694824,1.390298843383789,1.6820380687713623
3.3558452129364014,1.5864191055297852,1.5450619459152222,3.1638944149017334,1.607975721359253,1.5807336568832397,3.329641580581665,1.5841320753097534,1.565150499343872,3.2263131141662598,1.5911530256271362,1.6494373083114624
3.659559726715088,1.4903528690338135,1.5250195264816284,3.9808502197265625,1.5160725116729736,1.5615607500076294,3.5419938564300537,1.4788585901260376,1.5301718711853027,3.858518123626709,1.490991234779358,1.5360097885131836
3.999936580657959,1.5286800861358643,1.5687505006790161,4.011760234832764,1.5310035943984985,1.580405592918396,3.919447898864746,1.6080836057662964,1.5404897928237915,3.7557647228240967,1.5792375802993774,1.5579626560211182
3.778927803039551,1.5764230489730835,1.5084552764892578,3.5969884395599365,1.5259021520614624,1.5461511611938477,3.79990816116333,1.5432825088500977,1.5332465171813965,2.536222457885742,1.550013542175293,1.5172532796859741
1.5533205270767212,1.6787830591201782,1.7661867141723633,1.3199899196624756,1.6298999786376953,1.7851934432983398,3.01792311668396,1.617308497428894,1.5976202487945557,4.743252277374268,1.6718531847000122,1.7893869876861572
1.741105318069458,1.5267513990402222,1.5310347080230713,1.801073431968689,1.511695146560669,1.540242075920105,1.7899445295333862,1.5341545343399048,1.5977649688720703,1.8877540826797485,1.5276850461959839,1.4695550203323364
5.004302024841309,1.409582495689392,1.6678074598312378,4.935561656951904,1.4260835647583008,1.7081849575042725,5.400425910949707,1.4514155387878418,1.6326055526733398,4.21525764465332,1.40144944190979,1.656139850616455
3.429269313812256,1.3527469635009766,1.6245825290679932,2.6010029315948486,1.3121542930603027,1.6695401668548584,3.8873157501220703,1.3625229597091675,1.6091668605804443,1.6299301385879517,1.4070923328399658,1.5755836963653564
3.863462209701538,1.4010552167892456,1.6066709756851196,4.085212230682373,1.4113203287124634,1.6040173768997192,4.449995517730713,1.4029569625854492,1.637879729270935,3.760684013366699,1.40364408493042,1.6112735271453857
1.3946439027786255,1.5833773612976074,1.544543981552124,1.0414485931396484,1.6213889122009277,1.5023119449615479,0.7617406845092773,1.6355388164520264,1.5000807046890259,1.3011901378631592,1.58377206325531,1.5353344678878784
3.0583860874176025,1.7028167247772217,1.6076618432998657,3.8236501216888428,1.678194284439087,1.646860957145691,2.9835095405578613,1.6526403427124023,1.5684623718261719,1.9186097383499146,1.651654839515686,1.6204968690872192
5.610393524169922,1.5756911039352417,1.6338461637496948,5.483964920043945,1.567191243171692,1.6042392253875732,5.424683094024658,1.6459778547286987,1.6466997861862183,6.143614768981934,1.5777090787887573,1.6199952363967896
4.392786979675293,1.6285786628723145,1.5705175399780273,4.251969814300537,1.6042057275772095,1.563646674156189,3.324213981628418,1.6260631084442139,1.5056347846984863,0.7088842391967773,1.578559160232544,1.551303744316101
4.0809712409973145,1.5074281692504883,1.529004454612732,3.8422470092773438,1.548948049545288,1.4714325666427612,3.950495481491089,1.546708345413208,1.4567891359329224,2.2088472843170166,1.586874008178711,1.4924153089523315
2.5565028190612793,1.5467976331710815,1.4875376224517822,3.223433017730713,1.6111699342727661,1.478240966796875,3.94856595993042,1.5553536415100098,1.5113766193389893,2.17746901512146,1.5871878862380981,1.4486277103424072
0.9038193225860596,1.5410115718841553,1.554081916809082,1.0950605869293213,1.544797658920288,1.6200530529022217,1.3568718433380127,1.549617886543274,1.5583816766738892,1.0409274101257324,1.4552468061447144,1.533508539199829
3.829477310180664,1.6122572422027588,1.5544712543487549,3.8214938640594482,1.5878653526306152,1.5848057270050049,3.336550712585449,1.5778990983963013,1.5924203395843506,3.1920981407165527,1.5375221967697144,1.5742369890213013
3.2422587871551514,1.5355957746505737,1.5580191612243652,2.7488367557525635,1.5041180849075317,1.547720193862915,1.8934659957885742,1.5382814407348633,1.5701600313186646,3.1815783977508545,1.4848730564117432,1.5928120613098145
3.2572884559631348,1.4329584836959839,1.5942285060882568,3.290841579437256,1.4740068912506104,1.5992822647094727,4.070075035095215,1.5160201787948608,1.612030029296875,0.3630232810974121,1.4363800287246704,1.5972487926483154
2.481693744659424,1.618666172027588,1.393627405166626,2.635190486907959,1.5914781093597412,1.4386584758758545,2.3851990699768066,1.6468216180801392,1.4303176403045654,2.0356223583221436,1.630147933959961,1.4444719552993774
5.109351634979248,1.4663387537002563,1.4899959564208984,3.782036304473877,1.5218085050582886,1.4105874300003052,4.213932991027832,1.4620493650436401,1.4766699075698853,4.634193420410156,1.4612101316452026,1.5365626811981201
2.4692602157592773,1.5320099592208862,1.5796476602554321,2.0909371376037598,1.57624351978302,1.5516952276229858,2.5517945289611816,1.529079556465149,1.552491545677185,2.209243059158325,1.444226622581482,1.5899312496185303
5.822448253631592,1.5182361602783203,1.6255747079849243,5.359472274780273,1.5281307697296143,1.5955616235733032,4.814931392669678,1.5276157855987549,1.629329800605774,5.107520580291748,1.5954557657241821,1.6570879220962524
2.1785080432891846,1.6758629083633423,1.3832017183303833,2.279784917831421,1.722137689590454,1.4381954669952393,2.6069557666778564,1.7156481742858887,1.3964362144470215,2.4447853565216064,1.70635986328125,1.4119549989700317
2.3232550621032715,1.5569435358047485,1.5502089262008667,1.3968324661254883,1.5273792743682861,1.587472915649414,2.060051918029785,1.6235218048095703,1.5281351804733276,1.9314320087432861,1.494359016418457,1.5045267343521118
3.4286184310913086,1.4351717233657837,1.7012265920639038,3.767693281173706,1.4597761631011963,1.6945055723190308,4.5100202560424805,1.4897911548614502,1.7474091053009033,1.8836939334869385,1.5001492500305176,1.614065408706665
3.4170806407928467,1.4135079383850098,1.6537739038467407,3.4481520652770996,1.4058657884597778,1.6060110330581665,3.2413089275360107,1.4035392999649048,1.6378297805786133,3.4351189136505127,1.4268043041229248,1.679250955581665
1.4955400228500366,1.4123505353927612,1.482157588005066,1.671795129776001,1.464277982711792,1.543548583984375,2.588188886642456,1.3276989459991455,1.587180733680725,1.6458741426467896,1.3874707221984863,1.4970496892929077
5.030306816101074,1.6445978879928589,1.6563012599945068,4.277586460113525,1.6694748401641846,1.6377590894699097,4.721576690673828,1.7189210653305054,1.6135424375534058,0.9108808040618896,1.685349941253662,1.6285003423690796
5.331742286682129,1.585946798324585,1.6596108675003052,5.950626373291016,1.569708228111267,1.614225149154663,4.63353157043457,1.606444239616394,1.6229047775268555,4.989955425262451,1.6755516529083252,1.6309665441513062
2.9555821418762207,1.6119660139083862,1.4979863166809082,2.3909151554107666,1.6149643659591675,1.5172017812728882,2.4403817653656006,1.6201754808425903,1.5208029747009277,2.715268611907959,1.6167070865631104,1.479934811592102
2.8915836811065674,1.4084606170654297,1.6757932901382446,3.059145212173462,1.476077914237976,1.63404381275177,2.6104819774627686,1.4023325443267822,1.6739723682403564,2.824270248413086,1.3994216918945312,1.6690330505371094
5.383697509765625,1.4950462579727173,1.6296247243881226,4.8027024269104,1.5184047222137451,1.6276535987854004,3.9423627853393555,1.5620167255401611,1.6004770994186401,1.2429851293563843,1.4483716487884521,1.5938607454299927
1.8299723863601685,1.415539264678955,1.6196999549865723,2.393038749694824,1.342737078666687,1.6026298999786377,2.310131072998047,1.4347225427627563,1.591371774673462,2.159687042236328,1.396649718284607,1.622037649154663
3.3099138736724854,1.5471900701522827,1.5867528915405273,3.2286934852600098,1.5243744850158691,1.6248608827590942,3.3582582473754883,1.5334779024124146,1.5518200397491455,3.0535948276519775,1.5958775281906128,1.597704291343689
2.2953007221221924,1.4519507884979248,1.7006596326828003,2.1328864097595215,1.4556487798690796,1.6154499053955078,2.7417263984680176,1.4802101850509644,1.625097632408142,2.311537742614746,1.4262937307357788,1.640282392501831
1.0650196075439453,1.6531639099121094,1.4631531238555908,1.3228166103363037,1.693300485610962,1.4529228210449219,0.9346585273742676,1.6501957178115845,1.4498683214187622,1.108567714691162,1.626755952835083,1.5060973167419434
4.141233444213867,1.6262221336364746,1.5734468698501587,4.538852691650391,1.6318581104278564,1.6043763160705566,1.45345938205719,1.629895806312561,1.4963163137435913,3.769515037536621,1.6195265054702759,1.5171971321105957
2.5437772274017334,1.7367888689041138,1.3833765983581543,2.2795608043670654,1.6858735084533691,1.370091199874878,2.3200955390930176,1.6788333654403687,1.373623013496399,2.508296489715576,1.710914134979248,1.376551866531372
3.308279514312744,1.5516626834869385,1.5757335424423218,3.0966415405273438,1.5840948820114136,1.5227926969528198,3.1920981407165527,1.5375221967697144,1.5742369890213013,2.9369330406188965,1.5168821811676025,1.5481594800949097
1.0780482292175293,1.5709097385406494,1.482222318649292,3.1163532733917236,1.5890592336654663,1.4516185522079468,4.177299976348877,1.555230975151062,1.5538471937179565,2.2523558139801025,1.5427778959274292,1.5013259649276733
4.08347749710083,1.5578207969665527,1.6406517028808594,4.374024391174316,1.5481699705123901,1.5999809503555298,4.783543586730957,1.5859431028366089,1.673654317855835,4.455024719238281,1.5491418838500977,1.683564305305481
3.200002670288086,1.3130749464035034,1.6284416913986206,3.251704216003418,1.3089362382888794,1.6521897315979004,3.02126145362854,1.2863924503326416,1.6499797105789185,3.503474712371826,1.3617724180221558,1.6523874998092651
2.604557752609253,1.636309027671814,1.5098282098770142,3.160893201828003,1.5939029455184937,1.4319486618041992,1.1731185913085938,1.6500883102416992,1.5397586822509766,1.8737770318984985,1.6183546781539917,1.411196231842041
3.3565869331359863,1.4326882362365723,1.6397392749786377,3.696159839630127,1.4595253467559814,1.6168169975280762,2.109544277191162,1.4538003206253052,1.688055396080017,2.1977460384368896,1.4393545389175415,1.6276581287384033
3.0256690979003906,1.285507321357727,1.623411774635315,3.09436297416687,1.320778250694275,1.6477786302566528,3.641228199005127,1.3421342372894287,1.6080790758132935,3.8078131675720215,1.2652007341384888,1.6212270259857178
4.008841514587402,1.5285271406173706,1.5790973901748657,4.547098159790039,1.633697271347046,1.6266602277755737,4.1251749992370605,1.5188549757003784,1.538204550743103,4.1692023277282715,1.5665370225906372,1.6465948820114136
1.811282753944397,1.4758907556533813,1.6641781330108643,0.8513612747192383,1.4734975099563599,1.6773055791854858,1.9764437675476074,1.492814302444458,1.5563377141952515,2.3542933464050293,1.4182058572769165,1.5999541282653809
1.8971710205078125,1.5702248811721802,1.625038981437683,2.236299753189087,1.53313148021698,1.6177841424942017,1.6755436658859253,1.6012803316116333,1.6056840419769287,1.16996169090271,1.499348759651184,1.607069492340088
0.4342970848083496,1.7098288536071777,1.630574107170105,0.5933444499969482,1.761650800704956,1.6309256553649902,0.914053201675415,1.7251988649368286,1.628662109375,1.0487310886383057,1.6941365003585815,1.6690925359725952
5.708735466003418,1.617863655090332,1.4725157022476196,4.8054656982421875,1.5328394174575806,1.5311397314071655,6.1958112716674805,1.7281279563903809,1.575585961341858,0.6824498176574707,1.5873379707336426,1.4888659715652466
1.5182002782821655,1.517395257949829,1.6805858612060547,2.257129669189453,1.5286540985107422,1.6546584367752075,2.110783100128174,1.5256074666976929,1.699519157409668,2.5348212718963623,1.559529423713684,1.6356889009475708
1.1709340810775757,1.4615005254745483,1.6918801069259644,0.8914740085601807,1.454525351524353,1.6018986701965332,2.06064510345459,1.4003161191940308,1.6528550386428833,1.1147410869598389,1.4033262729644775,1.5893958806991577
1.7732726335525513,1.4506999254226685,1.638602375984192,3.675448179244995,1.4787205457687378,1.64912748336792,2.1826183795928955,1.4546602964401245,1.6325452327728271,1.1898479461669922,1.474682331085205,1.64760160446167
2.750596046447754,1.4283753633499146,1.5716180801391602,3.2455809116363525,1.4513323307037354,1.557759404182434,2.6291937828063965,1.4274177551269531,1.573852777481079,3.49552321434021,1.4690169095993042,1.6086357831954956
3.101181745529175,1.7641284465789795,1.468379259109497,2.8801019191741943,1.7224899530410767,1.4956021308898926,3.0590176582336426,1.732004165649414,1.5067726373672485,3.0829129219055176,1.7173980474472046,1.4451810121536255
5.411298751831055,1.701395869255066,1.7278698682785034,5.573764801025391,1.6680865287780762,1.6921589374542236,4.584031581878662,1.6739915609359741,1.7092756032943726,4.350870132446289,1.616849422454834,1.7192751169204712
4.349759578704834,1.4521197080612183,1.5541797876358032,3.6390740871429443,1.4080543518066406,1.570996880531311,4.047608375549316,1.4757791757583618,1.5230036973953247,4.750650882720947,1.4596301317214966,1.5568108558654785
2.260986328125,1.5394515991210938,1.4875696897506714,1.96684992313385,1.5824627876281738,1.5079044103622437,2.6795010566711426,1.4976744651794434,1.59196937084198,1.957398772239685,1.6339406967163086,1.5191208124160767
2.453500509262085,1.6585643291473389,1.4515866041183472,2.760643482208252,1.6819125413894653,1.4399579763412476,2.524904489517212,1.6817231178283691,1.4191265106201172,2.5641279220581055,1.6572729349136353,1.3926811218261719
3.7963500022888184,1.4436237812042236,1.5879429578781128,3.8754656314849854,1.3984992504119873,1.6003950834274292,2.3845419883728027,1.453650951385498,1.5961010456085205,3.7885818481445312,1.4448353052139282,1.5855820178985596
6.069692611694336,1.641078233718872,1.592057466506958,4.986508369445801,1.5913642644882202,1.593076229095459,0.36402177810668945,1.6340934038162231,1.6481891870498657,4.330021858215332,1.5457314252853394,1.5741798877716064
6.158853530883789,1.7085069417953491,1.7010648250579834,6.101648330688477,1.6738905906677246,1.684283971786499,0.3890848159790039,1.5461081266403198,1.6938766241073608,5.427949905395508,1.599340558052063,1.7199777364730835
4.945427894592285,1.5308091640472412,1.5576974153518677,4.673591613769531,1.4651439189910889,1.5262417793273926,4.952320098876953,1.59602689743042,1.524778127670288,3.815229892730713,1.5928562879562378,1.504118800163269
2.7844295501708984,1.5083792209625244,1.5858290195465088,2.9664371013641357,1.5276914834976196,1.570250391960144,3.0940403938293457,1.4593303203582764,1.5862727165222168,3.2960901260375977,1.5600653886795044,1.576225996017456
4.486893653869629,1.5022221803665161,1.6618897914886475,3.3885486125946045,1.4170199632644653,1.6286989450454712,4.378971576690674,1.605971336364746,1.6724281311035156,3.875183343887329,1.5060551166534424,1.6734046936035156
3.776442766189575,1.3513140678405762,1.6482281684875488,4.164687633514404,1.4524775743484497,1.5945345163345337,3.8873157501220703,1.3625229597091675,1.6091668605804443,3.6948208808898926,1.4112896919250488,1.5737637281417847
0.2329387664794922,1.5402899980545044,1.602057933807373,0.6036417484283447,1.491053819656372,1.6094297170639038,0.8219003677368164,1.6152849197387695,1.5007710456848145,0.6436471939086914,1.5429505109786987,1.5801979303359985
3.0397446155548096,1.6515684127807617,1.3521450757980347,2.8884427547454834,1.6953530311584473,1.3640248775482178,2.477642774581909,1.642730712890625,1.3852251768112183,2.6916444301605225,1.6241506338119507,1.3384923934936523
0.15983867645263672,1.5597999095916748,1.5736881494522095,3.5072929859161377,1.5379035472869873,1.508537769317627,0.5719237327575684,1.6245611906051636,1.5304557085037231,0.2529900074005127,1.529772162437439,1.5699132680892944
1.7867841720581055,1.4668548107147217,1.594158411026001,0.8498480319976807,1.4632560014724731,1.6208302974700928,5.169157028198242,1.466834306716919,1.5477479696273804,1.5454357862472534,1.5937104225158691,1.555392861366272
4.277953147888184,1.5670922994613647,1.6282689571380615,2.515777111053467,1.51448392868042,1.6131794452667236,3.473736047744751,1.604103446006775,1.596005916595459,3.9418249130249023,1.5058584213256836,1.6777708530426025
1.9546116590499878,1.4334461688995361,1.5825377702713013,1.1826896667480469,1.4167472124099731,1.6117703914642334,3.034391164779663,1.4786087274551392,1.588293433189392,0.8698198795318604,1.4938002824783325,1.559424638748169
0.7237780094146729,1.6974968910217285,1.549030065536499,1.0293898582458496,1.6405837535858154,1.4868009090423584,2.2769548892974854,1.654857873916626,1.4811550378799438,1.036139726638794,1.6751025915145874,1.564395546913147
3.8298966884613037,1.3391748666763306,1.6224757432937622,3.292222261428833,1.3115490674972534,1.5806975364685059,3.326846122741699,1.3162813186645508,1.5963122844696045,3.252566337585449,1.3075050115585327,1.5812675952911377
2.1230549812316895,1.5988843441009521,1.449252724647522,2.263178825378418,1.6171541213989258,1.4331852197647095,2.2548820972442627,1.6338295936584473,1.4349949359893799,2.1586265563964844,1.6425679922103882,1.4578256607055664
3.133934497833252,1.458997368812561,1.6204310655593872,3.467223644256592,1.4438401460647583,1.5707640647888184,2.6671972274780273,1.4507544040679932,1.6534510850906372,1.6074484586715698,1.436140775680542,1.6047635078430176
3.5237278938293457,1.5555973052978516,1.5540658235549927,3.9907679557800293,1.5431795120239258,1.4904797077178955,3.477566719055176,1.587924599647522,1.5474321842193604,2.733222723007202,1.5629441738128662,1.5127332210540771
4.342035293579102,1.6247788667678833,1.6678550243377686,4.635026931762695,1.6384130716323853,1.6825733184814453,0.06659245491027832,1.6272810697555542,1.6349018812179565,5.049680709838867,1.5916279554367065,1.5949890613555908
3.3146677017211914,1.3707771301269531,1.602360725402832,2.9826560020446777,1.378825068473816,1.5595084428787231,3.3033571243286133,1.4360158443450928,1.58884596824646,3.641277551651001,1.4040637016296387,1.5863748788833618
3.07663893699646,1.5328465700149536,1.5187073945999146,3.8765878677368164,1.5511609315872192,1.5207782983779907,2.554172992706299,1.4587452411651611,1.5255475044250488,2.6524527072906494,1.5069628953933716,1.5134121179580688
4.222593784332275,1.561295509338379,1.5555812120437622,4.085411548614502,1.5507420301437378,1.557587742805481,3.8618974685668945,1.5506657361984253,1.5532057285308838,3.893887758255005,1.5316200256347656,1.5640113353729248
5.769998550415039,1.5932484865188599,1.6004000902175903,0.837134838104248,1.608378529548645,1.571175217628479,4.7149128913879395,1.6418061256408691,1.5573045015335083,0.7097182273864746,1.674808382987976,1.558584451675415
1.866756796836853,1.5940074920654297,1.5278375148773193,2.887117862701416,1.5982027053833008,1.4580860137939453,0.25179624557495117,1.5278315544128418,1.5304617881774902,2.17746901512146,1.5871878862380981,1.4486277103424072
2.2608625888824463,1.539843201637268,1.3418185710906982,2.40524959564209,1.5856075286865234,1.365779995918274,2.096392869949341,1.5375741720199585,1.3681488037109375,1.9866132736206055,1.528833270072937,1.4082242250442505
2.3487281799316406,1.6514837741851807,1.4292901754379272,2.3801634311676025,1.6705220937728882,1.4168567657470703,2.6235506534576416,1.672119140625,1.3650215864181519,2.453451156616211,1.7283917665481567,1.431022047996521
0.20396685600280762,1.743329644203186,1.5487948656082153,1.0268263816833496,1.723518967628479,1.5718539953231812,2.1258535385131836,1.667462706565857,1.5103002786636353,1.8230233192443848,1.7401177883148193,1.5654009580612183
5.000513553619385,1.5333255529403687,1.6836682558059692,5.52133846282959,1.5595548152923584,1.6938976049423218,2.464420795440674,1.4397308826446533,1.6649059057235718,5.138117790222168,1.4879374504089355,1.6759685277938843
3.8493027687072754,1.5825541019439697,1.5373387336730957,0.552849292755127,1.597414255142212,1.5890493392944336,3.2919459342956543,1.588483214378357,1.5161970853805542,2.9098920822143555,1.5021470785140991,1.5785140991210938
3.3040013313293457,1.4442325830459595,1.5226268768310547,2.7491517066955566,1.4201613664627075,1.5150971412658691,3.2455809116363525,1.4513323307037354,1.557759404182434,3.266982316970825,1.3724807500839233,1.5849871635437012
2.9130680561065674,1.6828237771987915,1.3955128192901611,2.7353248596191406,1.6762771606445312,1.4254515171051025,2.7655155658721924,1.7257561683654785,1.4343736171722412,2.968900680541992,1.697211503982544,1.4532793760299683
1.564433217048645,1.5025146007537842,1.6624099016189575,3.4202687740325928,1.4936221837997437,1.6058048009872437,4.199418067932129,1.5483766794204712,1.648288369178772,1.6149816513061523,1.3911516666412354,1.6768691539764404
2.462470769882202,1.2785251140594482,1.551743507385254,1.810514211654663,1.3270869255065918,1.590166449546814,2.3243210315704346,1.4142754077911377,1.553633689880371,1.7437148094177246,1.339148998260498,1.5869420766830444
2.907660484313965,1.7471848726272583,1.500631332397461,2.9729738235473633,1.7184698581695557,1.4687418937683105,3.130904197692871,1.697894811630249,1.4398843050003052,3.067887306213379,1.689078688621521,1.435832142829895
3.5121231079101562,1.3826079368591309,1.5087097883224487,3.3977572917938232,1.4514626264572144,1.5225305557250977,1.64808189868927,1.4633023738861084,1.51494300365448,4.149277687072754,1.5026108026504517,1.519523024559021
2.04386043548584,1.4203637838363647,1.6491246223449707,2.0679965019226074,1.4025219678878784,1.613181233406067,3.4941353797912598,1.4825999736785889,1.6179783344268799,2.576735496520996,1.4603368043899536,1.62751305103302
1.291686773300171,1.549790382385254,1.5896317958831787,1.7513742446899414,1.5326553583145142,1.5204788446426392,1.8147865533828735,1.509279489517212,1.5811724662780762,1.3691859245300293,1.5990222692489624,1.588517189025879
3.9067745208740234,1.6094774007797241,1.5570019483566284,3.7144060134887695,1.52768075466156,1.5595375299453735,3.8067355155944824,1.6011079549789429,1.5362217426300049,4.538852691650391,1.6318581104278564,1.6043763160705566
3.008525848388672,1.5068135261535645,1.5454981327056885,4.0444111824035645,1.5131179094314575,1.5819458961486816,3.077167510986328,1.5024123191833496,1.5711153745651245,2.9300320148468018,1.5774376392364502,1.536671757698059
1.1645262241363525,1.4272515773773193,1.576959490776062,1.5819801092147827,1.4540467262268066,1.586328148841858,0.9686121940612793,1.4982725381851196,1.556762933731079,0.8747303485870361,1.4802072048187256,1.5644742250442505
1.5794825553894043,1.4696232080459595,1.6036453247070312,1.4125629663467407,1.4585381746292114,1.6690850257873535,1.1326091289520264,1.3957059383392334,1.6253420114517212,3.3643765449523926,1.391883134841919,1.6218246221542358
2.2510437965393066,1.5967257022857666,1.432646632194519,2.15141224861145,1.6762852668762207,1.4672585725784302,2.5185580253601074,1.6172192096710205,1.4327304363250732,2.4256038665771484,1.60219407081604,1.521292805671692
0.23349928855895996,1.527860403060913,1.6037492752075195,1.2214480638504028,1.5204883813858032,1.5576173067092896,5.2324018478393555,1.5688596963882446,1.6129322052001953,3.0385849475860596,1.4710626602172852,1.6437150239944458
1.275622010231018,1.4592645168304443,1.5392943620681763,0.32906389236450195,1.5169535875320435,1.5751571655273438,6.050398826599121,1.471206545829773,1.5649899244308472,0.4877936840057373,1.5162280797958374,1.587573766708374
2.8792200088500977,1.3391025066375732,1.6107343435287476,2.56845760345459,1.4644285440444946,1.5304008722305298,2.730196237564087,1.3624212741851807,1.6267025470733643,4.009279251098633,1.3798456192016602,1.6099988222122192
1.310484766960144,1.6916389465332031,1.5234181880950928,1.443077564239502,1.7002872228622437,1.626091480255127,2.687940835952759,1.6556622982025146,1.4683618545532227,0.4814636707305908,1.7421703338623047,1.5626908540725708
1.9814865589141846,1.6061686277389526,1.455229640007019,2.068225860595703,1.6370594501495361,1.4894943237304688,2.666454553604126,1.6060521602630615,1.4265176057815552,2.0135180950164795,1.6067131757736206,1.4664663076400757
2.9987339973449707,1.7058966159820557,1.4844841957092285,2.919642925262451,1.677991271018982,1.4102845191955566,2.924581527709961,1.6552520990371704,1.4286798238754272,3.652193546295166,1.720076322555542,1.5411311388015747
2.2551937103271484,1.4024567604064941,1.5264216661453247,2.281857967376709,1.4804909229278564,1.4704569578170776,2.804250717163086,1.4047876596450806,1.5254157781600952,2.7641890048980713,1.3857645988464355,1.5746556520462036
2.213421583175659,1.5210776329040527,1.5060352087020874,2.207441806793213,1.4776724576950073,1.5185271501541138,2.238349437713623,1.565572738647461,1.4914638996124268,2.2210066318511963,1.6120131015777588,1.5504145622253418
2.212371826171875,1.5824522972106934,1.5528912544250488,1.989033579826355,1.5643606185913086,1.5712298154830933,1.7944598197937012,1.541927695274353,1.487993597984314,2.360179901123047,1.6205178499221802,1.5243453979492188
1.4332391023635864,1.5790340900421143,1.4867851734161377,1.630910038948059,1.5563074350357056,1.5182422399520874,1.0913970470428467,1.5121960639953613,1.5728806257247925,2.037409782409668,1.5928188562393188,1.4909294843673706
3.6057534217834473,1.6064074039459229,1.6212104558944702,3.0535948276519775,1.5958775281906128,1.597704291343689,3.9823813438415527,1.5806440114974976,1.642632246017456,2.9336416721343994,1.630456566810608,1.6179072856903076
2.5841026306152344,1.749606728553772,1.532970905303955,2.62149715423584,1.6721383333206177,1.4936621189117432,2.2907581329345703,1.7209217548370361,1.5156344175338745,2.5772223472595215,1.711247205734253,1.4984391927719116
2.9778947830200195,1.6080670356750488,1.5187172889709473,3.857186794281006,1.6024813652038574,1.5894265174865723,2.9182403087615967,1.5875169038772583,1.523423671722412,3.4034292697906494,1.5121076107025146,1.5511834621429443
2.90106201171875,1.3715741634368896,1.6192994117736816,3.0259387493133545,1.4046083688735962,1.6138211488723755,3.3161277770996094,1.3814061880111694,1.6259177923202515,3.325665235519409,1.3911570310592651,1.6364129781723022
1.6381971836090088,1.5195238590240479,1.6337934732437134,2.245314598083496,1.5218051671981812,1.6881639957427979,1.3603978157043457,1.6692084074020386,1.5471645593643188,1.545709490776062,1.5419353246688843,1.5020177364349365
1.4150032997131348,1.5214290618896484,1.5875744819641113,1.4790189266204834,1.5619715452194214,1.6227866411209106,1.6637840270996094,1.6157863140106201,1.6003202199935913,1.7867848873138428,1.4862703084945679,1.5887165069580078
2.3862476348876953,1.701172947883606,1.4238026142120361,2.073227882385254,1.7019898891448975,1.446518898010254,2.3222029209136963,1.6997171640396118,1.4126510620117188,2.5128073692321777,1.6970717906951904,1.4135503768920898
2.387091875076294,1.4184331893920898,1.5561882257461548,3.467223644256592,1.4438401460647583,1.5707640647888184,1.6896363496780396,1.5330307483673096,1.5759410858154297,2.1920838356018066,1.4298818111419678,1.5575339794158936
1.4445058107376099,1.52719247341156,1.5410234928131104,1.8533952236175537,1.4818204641342163,1.450212001800537,1.9738465547561646,1.6381255388259888,1.4931477308273315,1.4788435697555542,1.6026808023452759,1.4779303073883057
4.151226997375488,1.5905200242996216,1.685038447380066,3.749307632446289,1.6033316850662231,1.6507421731948853,3.739736318588257,1.5700740814208984,1.6714028120040894,3.907331943511963,1.5713592767715454,1.6286704540252686
1.3849214315414429,1.5018854141235352,1.686311960220337,2.7507221698760986,1.4194306135177612,1.67690110206604,3.2855446338653564,1.5125070810317993,1.6556159257888794,2.3020615577697754,1.4030076265335083,1.6123954057693481
1.467917561531067,1.50974702835083,1.4915871620178223,1.4646918773651123,1.4548603296279907,1.5081206560134888,1.5877057313919067,1.519831895828247,1.5341135263442993,0.9706428050994873,1.5420520305633545,1.4842437505722046
1.66914701461792,1.5512787103652954,1.6686232089996338,3.085508346557617,1.6461188793182373,1.645835280418396,2.7197811603546143,1.6015880107879639,1.6423187255859375,3.02274751663208,1.6114658117294312,1.6719245910644531
0.8735339641571045,1.8174846172332764,1.5413322448730469,0.8781723976135254,1.7442924976348877,1.553674578666687,2.068676710128784,1.7602956295013428,1.5395361185073853,1.8230233192443848,1.7401177883148193,1.5654009580612183
3.9677562713623047,1.5086878538131714,1.5859148502349854,3.7873706817626953,1.5061044692993164,1.6010642051696777,4.085411548614502,1.5507420301437378,1.557587742805481,3.967442750930786,1.4626853466033936,1.5876814126968384
2.031383514404297,1.688502311706543,1.5835379362106323,1.743546485900879,1.678788423538208,1.5906225442886353,1.959216594696045,1.631750226020813,1.6281403303146362,1.3487180471420288,1.6972460746765137,1.59378981590271
3.7064058780670166,1.447792649269104,1.6337357759475708,3.761706829071045,1.4034260511398315,1.6156458854675293,3.727954864501953,1.4440276622772217,1.5728113651275635,3.628286838531494,1.4863717555999756,1.569167137145996
1.7736324071884155,1.6122231483459473,1.5709565877914429,3.516176700592041,1.5758843421936035,1.590859293937683,3.0900216102600098,1.5449743270874023,1.58358895778656,2.2151362895965576,1.5805070400238037,1.5830053091049194
0.474578857421875,1.5337865352630615,1.6145200729370117,3.7035648822784424,1.5790386199951172,1.6007293462753296,3.0768744945526123,1.4904979467391968,1.5423166751861572,0.2529900074005127,1.529772162437439,1.5699132680892944
4.831885814666748,1.6595889329910278,1.5248477458953857,3.196726083755493,1.5932186841964722,1.533098816871643,3.7037696838378906,1.644270658493042,1.5386372804641724,4.47891092300415,1.6675803661346436,1.5216022729873657
2.3471357822418213,1.5713151693344116,1.7356433868408203,3.959052085876465,1.541407585144043,1.7756580114364624,2.4349913597106934,1.5210299491882324,1.6933319568634033,3.763336181640625,1.571379542350769,1.6653556823730469
1.4009343385696411,1.5885990858078003,1.6752111911773682,2.173426389694214,1.6197409629821777,1.6817318201065063,1.319259762763977,1.6625362634658813,1.6611686944961548,1.668564796447754,1.628865361213684,1.6874973773956299
5.429769039154053,1.4570343494415283,1.6248692274093628,0.0767202377319336,1.5007880926132202,1.6216044425964355,0.23129820823669434,1.4240978956222534,1.600229024887085,4.883542060852051,1.4476478099822998,1.5810792446136475
2.436683416366577,1.4406397342681885,1.5218300819396973,3.3085579872131348,1.417190670967102,1.5633994340896606,3.496431827545166,1.4853063821792603,1.5473304986953735,4.606760025024414,1.477885127067566,1.5223193168640137
3.3524277210235596,1.5555843114852905,1.5146253108978271,3.2301855087280273,1.6080687046051025,1.515166163444519,3.5627472400665283,1.4796197414398193,1.5791765451431274,3.4263272285461426,1.5818766355514526,1.5383964776992798
1.0180208683013916,1.5954816341400146,1.57204270362854,2.3468570709228516,1.5455249547958374,1.6069859266281128,0.5898628234863281,1.5949435234069824,1.5615118741989136,1.268656849861145,1.58591628074646,1.5645924806594849
2.7129290103912354,1.5156424045562744,1.6094176769256592,2.6946749687194824,1.515317440032959,1.5958869457244873,3.0535948276519775,1.5958775281906128,1.597704291343689,2.6457886695861816,1.4798773527145386,1.5537567138671875
3.5254628658294678,1.6299206018447876,1.5403481721878052,3.211543083190918,1.5881664752960205,1.5107147693634033,3.196726083755493,1.5932186841964722,1.533098816871643,3.3304126262664795,1.575393795967102,1.4975123405456543
2.4546334743499756,1.6073758602142334,1.6406577825546265,0.5957357883453369,1.581257700920105,1.63969886302948,2.821502685546875,1.5612409114837646,1.678789734840393,3.497205972671509,1.4594613313674927,1.6638997793197632
2.4747042655944824,1.603187918663025,1.4134645462036133,2.390923023223877,1.5641138553619385,1.4160516262054443,2.7353248596191406,1.6762771606445312,1.4254515171051025,2.999408483505249,1.6677322387695312,1.4584228992462158
3.1304826736450195,1.4376106262207031,1.607734203338623,3.8288943767547607,1.4380238056182861,1.6143699884414673,2.3093643188476562,1.4413247108459473,1.5383840799331665,3.280104398727417,1.457979440689087,1.6169369220733643
4.98773193359375,1.6715608835220337,1.6942209005355835,4.691000461578369,1.5913338661193848,1.6986944675445557,5.071263313293457,1.6749035120010376,1.6940630674362183,4.157791614532471,1.6565003395080566,1.58759605884552
2.179105758666992,1.3548250198364258,1.5912549495697021,2.485869884490967,1.3683563470840454,1.5866813659667969,2.2100374698638916,1.4119139909744263,1.597292184829712,1.895538568496704,1.4074894189834595,1.5927919149398804
2.089137315750122,1.4558043479919434,1.5766212940216064,1.910654902458191,1.469077706336975,1.5971070528030396,3.1954233646392822,1.4592241048812866,1.5801482200622559,3.637897491455078,1.4395276308059692,1.5576573610305786
4.4906768798828125,1.5590157508850098,1.5590468645095825,3.7895328998565674,1.50760018825531,1.511248230934143,5.426973342895508,1.7265335321426392,1.4819673299789429,6.189154624938965,1.4926224946975708,1.6247541904449463
3.3824422359466553,1.4239133596420288,1.498292088508606,4.563290596008301,1.5001602172851562,1.5486490726470947,3.2918152809143066,1.3927946090698242,1.591426968574524,2.755511522293091,1.4032224416732788,1.5460435152053833
4.522979736328125,1.446179747581482,1.5633718967437744,1.8974593877792358,1.439706563949585,1.576475739479065,3.737229824066162,1.3890472650527954,1.5711696147918701,3.9576656818389893,1.4704490900039673,1.5986049175262451
2.913893461227417,1.6717156171798706,1.468885064125061,3.006939649581909,1.6634547710418701,1.4705853462219238,3.0829129219055176,1.7173980474472046,1.4451810121536255,3.0408430099487305,1.6571663618087769,1.5555193424224854
3.51833176612854,1.4902113676071167,1.5291043519973755,3.2789862155914307,1.5006948709487915,1.5543044805526733,3.3719208240509033,1.5700606107711792,1.5378082990646362,3.1695845127105713,1.4615190029144287,1.5853381156921387
2.292140483856201,1.517357587814331,1.449899435043335,2.7766106128692627,1.5414519309997559,1.5049774646759033,2.258549690246582,1.5803256034851074,1.4740504026412964,2.678771734237671,1.561582326889038,1.4755133390426636
2.929978847503662,1.4805406332015991,1.6705200672149658,3.7282094955444336,1.5740550756454468,1.6711732149124146,3.237915277481079,1.4642304182052612,1.6477166414260864,3.0649096965789795,1.489532470703125,1.6942203044891357
2.565152168273926,1.7014479637145996,1.4510706663131714,2.578956127166748,1.6603672504425049,1.4665945768356323,2.614362955093384,1.6590770483016968,1.4404693841934204,2.599851131439209,1.6846930980682373,1.4027966260910034
2.0249476432800293,1.4236316680908203,1.655091404914856,2.1808688640594482,1.3425120115280151,1.66940176486969,1.7867848873138428,1.4862703084945679,1.5887165069580078,1.6488794088363647,1.4221092462539673,1.6213139295578003
1.3567472696304321,1.6715682744979858,1.5390582084655762,0.6244478225708008,1.628424882888794,1.573226809501648,0.6617205142974854,1.732520580291748,1.5633118152618408,0.7351706027984619,1.650212049484253,1.5781829357147217
2.022447109222412,1.6208125352859497,1.4379148483276367,2.809872627258301,1.6020162105560303,1.4319474697113037,2.0862276554107666,1.6339515447616577,1.4271576404571533,1.546871304512024,1.54680335521698,1.3897151947021484
3.3176424503326416,1.4900370836257935,1.574205756187439,3.351350784301758,1.6178231239318848,1.559547781944275,3.410060167312622,1.473388910293579,1.5610442161560059,3.474640130996704,1.5067099332809448,1.6113961935043335
1.5410633087158203,1.6241692304611206,1.4851489067077637,1.9738465547561646,1.6381255388259888,1.4931477308273315,1.5170024633407593,1.6019536256790161,1.494002103805542,1.714468240737915,1.597367525100708,1.4785648584365845
5.778389930725098,1.571851134300232,1.5971729755401611,5.702156066894531,1.527595043182373,1.613331913948059,0.20424485206604004,1.4858365058898926,1.5667545795440674,0.5421915054321289,1.6043418645858765,1.6273939609527588
1.8957087993621826,1.5135570764541626,1.566712737083435,2.099454402923584,1.474405288696289,1.584274172782898,0.9321749210357666,1.4408105611801147,1.5999698638916016,2.0424609184265137,1.499230980873108,1.568434476852417
4.034173488616943,1.6567413806915283,1.6194360256195068,3.6629457473754883,1.7097358703613281,1.5900903940200806,3.6035103797912598,1.5808879137039185,1.656635046005249,2.672234535217285,1.6061229705810547,1.6466137170791626
3.443796157836914,1.4932602643966675,1.6689298152923584,4.602860927581787,1.4649344682693481,1.6755551099777222,2.955828905105591,1.4728422164916992,1.6028600931167603,4.260581970214844,1.5459963083267212,1.661875605583191
0.2930941581726074,1.6348401308059692,1.4944027662277222,2.2570743560791016,1.6243921518325806,1.4865063428878784,1.7180533409118652,1.6199203729629517,1.4131124019622803,1.45345938205719,1.629895806312561,1.4963163137435913
1.3445650339126587,1.5271832942962646,1.708987832069397,0.532334566116333,1.4904446601867676,1.7527062892913818,5.251617431640625,1.6092970371246338,1.7068771123886108,1.6584317684173584,1.5665521621704102,1.6513211727142334
0.9563899040222168,1.394542932510376,1.583850622177124,1.4170114994049072,1.4457001686096191,1.6349706649780273,1.7972996234893799,1.439271092414856,1.5604668855667114,1.1549540758132935,1.4466023445129395,1.5689201354980469
1.1840260028839111,1.4307899475097656,1.6209537982940674,6.22425651550293,1.4705357551574707,1.649960994720459,6.247015953063965,1.5689160823822021,1.6313438415527344,1.6431039571762085,1.4693816900253296,1.594382643699646
1.6601979732513428,1.5992058515548706,1.5418181419372559,2.060051918029785,1.6235218048095703,1.5281351804733276,2.1011834144592285,1.6462900638580322,1.488072156906128,1.8950010538101196,1.6214885711669922,1.5239347219467163
3.340184211730957,1.431095838546753,1.6529203653335571,3.893953800201416,1.486046552658081,1.6162692308425903,3.6353578567504883,1.4267170429229736,1.6216919422149658,3.0090224742889404,1.487200140953064,1.6180613040924072
3.3862955570220947,1.365412712097168,1.6152487993240356,3.503474712371826,1.3617724180221558,1.6523874998092651,3.09472918510437,1.4179472923278809,1.621201992034912,3.255965232849121,1.3783494234085083,1.6045031547546387
5.399353981018066,1.4696723222732544,1.7136518955230713,4.47220516204834,1.448798656463623,1.6800025701522827,5.289388656616211,1.4990968704223633,1.7021540403366089,1.8526504039764404,1.4035178422927856,1.687679409980774
2.9908461570739746,1.4493308067321777,1.6005964279174805,3.1430864334106445,1.4650577306747437,1.572099208831787,3.050949811935425,1.457501769065857,1.5992624759674072,1.895538568496704,1.4074894189834595,1.5927919149398804
1.2411994934082031,1.7216856479644775,1.665640115737915,0.12062191963195801,1.72284734249115,1.6487218141555786,0.6370065212249756,1.6447012424468994,1.6470857858657837,2.4623544216156006,1.669291615486145,1.7043557167053223
3.2879650592803955,1.5514378547668457,1.6393612623214722,3.6821420192718506,1.5020633935928345,1.6567000150680542,3.4631192684173584,1.5601165294647217,1.5915571451187134,2.2912323474884033,1.6097456216812134,1.5788558721542358
0.7153031826019287,1.5700080394744873,1.610267996788025,0.7590410709381104,1.5474201440811157,1.5994060039520264,1.239273190498352,1.53324556350708,1.6429033279418945,1.603011131286621,1.6059311628341675,1.5804355144500732
2.4925904273986816,1.6184154748916626,1.465383529663086,2.794628381729126,1.6016016006469727,1.4638655185699463,2.4220943450927734,1.574526071548462,1.4338617324829102,2.101686954498291,1.5985954999923706,1.443734049797058
3.1231131553649902,1.3683760166168213,1.4913936853408813,2.9504964351654053,1.4324551820755005,1.4616419076919556,2.9886515140533447,1.455026626586914,1.501783847808838,3.639346122741699,1.3859572410583496,1.5586122274398804
4.164090633392334,1.4846572875976562,1.5711712837219238,3.8677027225494385,1.521270990371704,1.5943182706832886,3.9292807579040527,1.4188737869262695,1.6065598726272583,3.915998935699463,1.5572775602340698,1.5765533447265625
4.150153160095215,1.5811591148376465,1.5259881019592285,4.446166038513184,1.5710735321044922,1.5358898639678955,4.229767799377441,1.6247045993804932,1.4776837825775146,2.3579695224761963,1.629240870475769,1.482859492301941
3.238083600997925,1.6239994764328003,1.5669596195220947,2.8554985523223877,1.5398380756378174,1.5817211866378784,3.055880069732666,1.5566990375518799,1.5703701972961426,4.121346950531006,1.697497010231018,1.5893127918243408
2.3670995235443115,1.3968007564544678,1.5723496675491333,2.956153631210327,1.3892362117767334,1.5738633871078491,2.6418380737304688,1.3853321075439453,1.5355182886123657,3.0982861518859863,1.3488348722457886,1.5655516386032104
3.1253645420074463,1.6763032674789429,1.447750210762024,3.871619701385498,1.672926902770996,1.4764431715011597,2.780362367630005,1.6968824863433838,1.4267133474349976,3.0310513973236084,1.6693195104599,1.4543756246566772
2.649592876434326,1.6390589475631714,1.395707607269287,2.6502137184143066,1.6312687397003174,1.3986788988113403,2.4432623386383057,1.652096152305603,1.4031282663345337,2.499084949493408,1.638667106628418,1.4090354442596436
2.5738115310668945,1.6116626262664795,1.6231452226638794,3.0107781887054443,1.5271639823913574,1.6071075201034546,2.6616148948669434,1.5872164964675903,1.5912668704986572,3.7486412525177,1.6290571689605713,1.599804401397705
0.46384572982788086,1.616882562637329,1.5674563646316528,0.7729549407958984,1.5149742364883423,1.5519732236862183,6.145284652709961,1.6420618295669556,1.5501052141189575,0.7361760139465332,1.6705583333969116,1.6270500421524048
1.6080224514007568,1.6600984334945679,1.576035499572754,0.9572427272796631,1.7091552019119263,1.5528196096420288,1.0259225368499756,1.7199492454528809,1.58298659324646,1.6533453464508057,1.6836497783660889,1.566267967224121
5.111701011657715,1.5009279251098633,1.551277995109558,3.838399648666382,1.4666990041732788,1.5531648397445679,4.124807834625244,1.5353270769119263,1.591242790222168,2.977306842803955,1.485852837562561,1.557795524597168
4.940357685089111,1.5897114276885986,1.685334324836731,4.973331928253174,1.5673458576202393,1.7206625938415527,4.260272026062012,1.6080000400543213,1.6215276718139648,5.884902477264404,1.548868179321289,1.6780000925064087
4.391153335571289,1.5671724081039429,1.5663141012191772,4.26829719543457,1.5461626052856445,1.597472906112671,4.015639781951904,1.577970266342163,1.615263819694519,5.116599082946777,1.5760886669158936,1.5407867431640625
5.992351531982422,1.5738697052001953,1.6364564895629883,6.232749938964844,1.506735920906067,1.6092616319656372,5.2324018478393555,1.5688596963882446,1.6129322052001953,1.6425912380218506,1.4517699480056763,1.62843656539917
1.6745538711547852,1.4588894844055176,1.5790351629257202,2.198028326034546,1.4397780895233154,1.5390766859054565,2.9661166667938232,1.3563202619552612,1.5887032747268677,2.2820444107055664,1.5319232940673828,1.5578532218933105
2.9063615798950195,1.4423942565917969,1.721409797668457,3.0095183849334717,1.4566494226455688,1.7102413177490234,3.0649096965789795,1.489532470703125,1.6942203044891357,1.6569877862930298,1.464572548866272,1.6771161556243896
2.619837760925293,1.4189021587371826,1.4665145874023438,2.811532974243164,1.4532015323638916,1.4684525728225708,2.73339581489563,1.4173145294189453,1.4829657077789307,2.0841517448425293,1.4129307270050049,1.4461382627487183
1.7272837162017822,1.567378282546997,1.51801335811615,1.5981407165527344,1.5323855876922607,1.4930375814437866,2.0108327865600586,1.5377635955810547,1.480278491973877,1.8018155097961426,1.5978347063064575,1.4541752338409424
2.5677742958068848,1.7037609815597534,1.5011537075042725,3.5758934020996094,1.7596739530563354,1.5011271238327026,3.271019220352173,1.7261004447937012,1.4906599521636963,2.3300905227661133,1.747509241104126,1.5488330125808716
3.145458221435547,1.4505974054336548,1.5606383085250854,3.2988758087158203,1.5350250005722046,1.5453671216964722,3.6954898834228516,1.487288236618042,1.5462799072265625,3.285403251647949,1.4237699508666992,1.5980901718139648
4.133021354675293,1.4692033529281616,1.657275915145874,4.053219795227051,1.4462140798568726,1.6301883459091187,4.415780067443848,1.4127682447433472,1.613340973854065,5.172768592834473,1.476286768913269,1.6229796409606934
0.4944791793823242,1.6945428848266602,1.549944281578064,0.2853219509124756,1.654715657234192,1.6228070259094238,0.8196594715118408,1.6537131071090698,1.5697298049926758,5.597348213195801,1.6581261157989502,1.5049854516983032
4.566083908081055,1.6052799224853516,1.6264147758483887,5.564430236816406,1.6174395084381104,1.647641658782959,5.976354598999023,1.6079838275909424,1.6485737562179565,4.29521369934082,1.595702886581421,1.636210560798645
1.8055130243301392,1.4938647747039795,1.5777887105941772,2.207441806793213,1.4776724576950073,1.5185271501541138,1.8147865533828735,1.509279489517212,1.5811724662780762,2.6152596473693848,1.467793345451355,1.5673885345458984
1.4093841314315796,1.6204339265823364,1.5930156707763672,1.2019145488739014,1.5754035711288452,1.582683801651001,4.121346950531006,1.697497010231018,1.5893127918243408,2.5689823627471924,1.650710940361023,1.5617616176605225
4.7684197425842285,1.4825278520584106,1.6316109895706177,0.1913440227508545,1.4359385967254639,1.636528491973877,3.6210741996765137,1.4550695419311523,1.6166380643844604,5.267639636993408,1.3798757791519165,1.6259522438049316
3.173356533050537,1.4591482877731323,1.6700299978256226,2.130344867706299,1.4638248682022095,1.6933650970458984,3.0713794231414795,1.6120525598526,1.6468242406845093,3.767693281173706,1.4597761631011963,1.6945055723190308
3.7544639110565186,1.4535136222839355,1.5226738452911377,3.998331308364868,1.461721658706665,1.5441457033157349,3.8449618816375732,1.4614734649658203,1.5436019897460938,3.495943546295166,1.4570492506027222,1.5362330675125122
3.7945494651794434,1.4884941577911377,1.48747718334198,2.8674466609954834,1.4189304113388062,1.50953209400177,3.286616325378418,1.4414011240005493,1.5183603763580322,5.673534393310547,1.506589651107788,1.5204952955245972
1.428745150566101,1.522183895111084,1.5247912406921387,1.5911691188812256,1.5194859504699707,1.561053991317749,2.0610928535461426,1.5554367303848267,1.5190407037734985,1.4871512651443481,1.5250968933105469,1.5881365537643433
2.4802932739257812,1.5971931219100952,1.4224625825881958,2.6307222843170166,1.5689599514007568,1.3878967761993408,2.6762547492980957,1.6692134141921997,1.4521028995513916,2.723008871078491,1.5739636421203613,1.3827157020568848
1.7322065830230713,1.4624404907226562,1.502129077911377,1.9359647035598755,1.5283817052841187,1.5915706157684326,1.6527019739151,1.5891438722610474,1.5775775909423828,1.7445299625396729,1.6083176136016846,1.4648473262786865
4.847972393035889,1.5668213367462158,1.4691277742385864,3.712197780609131,1.5091909170150757,1.4884730577468872,3.453634738922119,1.521147608757019,1.5242626667022705,3.6809699535369873,1.6484181880950928,1.432063341140747
2.042051315307617,1.603114128112793,1.426031470298767,2.2047059535980225,1.6126042604446411,1.4836357831954956,2.096392869949341,1.5375741720199585,1.3681488037109375,2.1021180152893066,1.5331228971481323,1.44004225730896
0.9854819774627686,1.528253436088562,1.717337965965271,1.2470964193344116,1.4692001342773438,1.6569945812225342,6.188940048217773,1.5647392272949219,1.7283530235290527,6.180083274841309,1.5161700248718262,1.7679909467697144
2.3824386596679688,1.4757578372955322,1.5651590824127197,2.4154350757598877,1.5018419027328491,1.5432382822036743,1.8597947359085083,1.505735158920288,1.560814619064331,2.5535995960235596,1.4234851598739624,1.5222792625427246
0.37039875984191895,1.5864182710647583,1.528469204902649,0.6076805591583252,1.4801791906356812,1.5257097482681274,2.17746901512146,1.5871878862380981,1.4486277103424072,1.3458763360977173,1.61565363407135,1.4884554147720337
6.076580047607422,1.5203585624694824,1.64616060256958,0.13033747673034668,1.540926218032837,1.6081594228744507,5.317168712615967,1.5434437990188599,1.5789268016815186,5.77552604675293,1.6188788414001465,1.6091890335083008
1.7577600479125977,1.5081764459609985,1.5208276510238647,1.790002703666687,1.6056731939315796,1.5584253072738647,2.9649782180786133,1.5514533519744873,1.5118739604949951,2.7279627323150635,1.5686252117156982,1.4712635278701782
1.9197548627853394,1.6008939743041992,1.4966126680374146,1.8764327764511108,1.569046139717102,1.5049335956573486,2.4514968395233154,1.6072596311569214,1.5205143690109253,2.2306056022644043,1.621575951576233,1.509926199913025
2.624922752380371,1.5001263618469238,1.6411174535751343,1.6425912380218506,1.4517699480056763,1.62843656539917,2.8635387420654297,1.532415509223938,1.6240822076797485,2.8400516510009766,1.3886563777923584,1.6399779319763184
1.7929900884628296,1.492417573928833,1.6429699659347534,4.488811016082764,1.4932386875152588,1.6421797275543213,4.47468900680542,1.5412558317184448,1.621937870979309,3.7043044567108154,1.5326460599899292,1.6117146015167236
1.0411655902862549,1.5018317699432373,1.560283899307251,1.2143638134002686,1.4963021278381348,1.590713620185852,1.3691859245300293,1.5990222692489624,1.588517189025879,1.7924473285675049,1.4830604791641235,1.5579906702041626
1.152833342552185,1.3546394109725952,1.6362544298171997,2.345792293548584,1.4052180051803589,1.6541391611099243,2.167905330657959,1.3794621229171753,1.6011075973510742,2.9748682975769043,1.4190057516098022,1.6510323286056519
3.3306705951690674,1.4152424335479736,1.526443600654602,3.41107177734375,1.451261281967163,1.587803602218628,3.768826723098755,1.514846920967102,1.5374375581741333,3.523653268814087,1.5129029750823975,1.484641671180725
2.0858359336853027,1.4892640113830566,1.4525479078292847,2.0803780555725098,1.4350618124008179,1.4452439546585083,2.0220532417297363,1.4860725402832031,1.468178153038025,2.0576696395874023,1.5080394744873047,1.4761784076690674
1.4013569355010986,1.4940781593322754,1.5582818984985352,1.85428786277771,1.440947413444519,1.5667502880096436,2.000868082046509,1.487510085105896,1.5347729921340942,0.7165467739105225,1.585349678993225,1.4788503646850586
1.2929370403289795,1.6409083604812622,1.632151484489441,5.09783935546875,1.6336511373519897,1.623308539390564,5.3075361251831055,1.7085036039352417,1.669738531112671,1.8730058670043945,1.6158515214920044,1.4914785623550415
5.597926139831543,1.5943794250488281,1.5896669626235962,3.9416255950927734,1.680687665939331,1.5799962282180786,5.704719543457031,1.5157824754714966,1.665737271308899,4.435304641723633,1.6846978664398193,1.560287356376648
1.9363127946853638,1.6264504194259644,1.4509761333465576,2.1300597190856934,1.6574678421020508,1.4325696229934692,1.9573403596878052,1.5999772548675537,1.4170575141906738,2.0863258838653564,1.6519198417663574,1.407007098197937
3.5527846813201904,1.500396490097046,1.5696567296981812,3.7048816680908203,1.5483907461166382,1.5666953325271606,3.6830246448516846,1.5157121419906616,1.567566156387329,3.4260010719299316,1.5608386993408203,1.5652285814285278
5.234807968139648,1.5939348936080933,1.5352991819381714,2.754049301147461,1.695815920829773,1.4755147695541382,2.1903440952301025,1.5281691551208496,1.4922206401824951,3.410466194152832,1.50374174118042,1.4684653282165527
5.39287805557251,1.5159212350845337,1.5630791187286377,5.733939170837402,1.5764886140823364,1.5426656007766724,0.21796083450317383,1.6074854135513306,1.6009801626205444,5.558988571166992,1.4139260053634644,1.6306122541427612
5.046662330627441,1.5186671018600464,1.6171921491622925,5.8520660400390625,1.475218653678894,1.6158130168914795,4.26829719543457,1.5461626052856445,1.597472906112671,5.924578666687012,1.434763789176941,1.6254806518554688
5.494433403015137,1.521726131439209,1.5671967267990112,5.855356693267822,1.3832008838653564,1.5624154806137085,1.2169808149337769,1.369602918624878,1.5505987405776978,0.8425822257995605,1.396817684173584,1.558276653289795
0.0398106575012207,1.557790994644165,1.706261396408081,5.927363395690918,1.549763798713684,1.6382560729980469,0.7105824947357178,1.6648350954055786,1.6478840112686157,0.23464655876159668,1.5859150886535645,1.6926891803741455
5.886910915374756,1.5408600568771362,1.6817859411239624,0.9681985378265381,1.4632655382156372,1.7306712865829468,0.698662281036377,1.5507588386535645,1.7215464115142822,0.26085782051086426,1.6185613870620728,1.641036868095398
3.7634243965148926,1.5068237781524658,1.595381498336792,3.3726744651794434,1.4909389019012451,1.5928236246109009,3.459198236465454,1.5227105617523193,1.6536003351211548,3.393688917160034,1.4596059322357178,1.557647943496704
1.4535850286483765,1.4503405094146729,1.6101781129837036,4.194485664367676,1.458996295928955,1.6245304346084595,4.159382343292236,1.5406523942947388,1.5921810865402222,1.7300041913986206,1.460374355316162,1.5768215656280518
4.804433345794678,1.462566614151001,1.5425688028335571,5.1084442138671875,1.5350136756896973,1.4956262111663818,4.72102689743042,1.492311716079712,1.5459216833114624,4.202905654907227,1.48353910446167,1.5276894569396973
0.5722341537475586,1.6198041439056396,1.5171040296554565,0.8409433364868164,1.6061139106750488,1.4962198734283447,0.9036831855773926,1.5882058143615723,1.4923735857009888,0.41198301315307617,1.6136239767074585,1.5092285871505737
3.485213279724121,1.4455903768539429,1.5571547746658325,3.905132293701172,1.4508339166641235,1.5556190013885498,3.742748260498047,1.5272926092147827,1.523011565208435,3.169886350631714,1.3928577899932861,1.5962327718734741
2.9914448261260986,1.5043951272964478,1.6088716983795166,1.530955195426941,1.5557931661605835,1.602880835533142,2.0936310291290283,1.5119060277938843,1.6275203227996826,4.676960468292236,1.508762240409851,1.6074846982955933
4.743257999420166,1.4714192152023315,1.5685545206069946,4.788487911224365,1.514028549194336,1.587973952293396,4.213730335235596,1.4732720851898193,1.5328952074050903,3.620497226715088,1.4629896879196167,1.5253186225891113
4.833653926849365,1.7517814636230469,1.5392423868179321,2.3300905227661133,1.747509241104126,1.5488330125808716,3.6492373943328857,1.7851125001907349,1.500352382659912,4.789524555206299,1.7345997095108032,1.5750586986541748
1.9944125413894653,1.4355019330978394,1.6304861307144165,2.0652401447296143,1.5223385095596313,1.6443932056427002,2.859740734100342,1.4326612949371338,1.6003100872039795,1.2470964193344116,1.4692001342773438,1.6569945812225342
0.03556632995605469,1.6802043914794922,1.4734294414520264,0.7617406845092773,1.6355388164520264,1.5000807046890259,1.0414485931396484,1.6213889122009277,1.5023119449615479,6.155893325805664,1.652670979499817,1.562032699584961
2.4412145614624023,1.6270122528076172,1.485659122467041,2.204181671142578,1.621713399887085,1.502225637435913,2.141007900238037,1.7330379486083984,1.5039788484573364,2.6079823970794678,1.6090937852859497,1.491530418395996
1.7000645399093628,1.6632823944091797,1.5243644714355469,2.0356898307800293,1.6693607568740845,1.459614634513855,1.8060520887374878,1.6820861101150513,1.4453016519546509,1.9061843156814575,1.6109100580215454,1.5220417976379395
2.3728718757629395,1.4577348232269287,1.5473265647888184,2.116992950439453,1.5150483846664429,1.5999170541763306,2.4154350757598877,1.5018419027328491,1.5432382822036743,1.8597947359085083,1.505735158920288,1.560814619064331
2.645869731903076,1.5281168222427368,1.4466267824172974,2.6369383335113525,1.5615161657333374,1.4803106784820557,2.344369888305664,1.5892540216445923,1.4828954935073853,2.578956127166748,1.6603672504425049,1.4665945768356323
0.8495948314666748,1.5353316068649292,1.5922534465789795,1.530955195426941,1.5557931661605835,1.602880835533142,0.21429848670959473,1.554405927658081,1.5937472581863403,2.0936310291290283,1.5119060277938843,1.6275203227996826
4.585093975067139,1.5828369855880737,1.6349678039550781,0.8727943897247314,1.5592833757400513,1.6302789449691772,2.7292633056640625,1.5250678062438965,1.627097249031067,2.5348212718963623,1.559529423713684,1.6356889009475708
3.6663293838500977,1.3937828540802002,1.5700393915176392,3.4822347164154053,1.3808859586715698,1.6056066751480103,3.3611202239990234,1.3257566690444946,1.6206473112106323,3.169886350631714,1.3928577899932861,1.5962327718734741
3.5525271892547607,1.424129843711853,1.5837743282318115,3.6057305335998535,1.298002004623413,1.545393466949463,3.9221251010894775,1.3715211153030396,1.5352637767791748,4.235330104827881,1.4517267942428589,1.6008281707763672
0.9899430274963379,1.4194391965866089,1.5790246725082397,0.5156121253967285,1.509585976600647,1.6022193431854248,1.3968324661254883,1.5273792743682861,1.587472915649414,1.777372121810913,1.3826382160186768,1.6268671751022339
2.5994315147399902,1.7034873962402344,1.3877642154693604,2.3801634311676025,1.6705220937728882,1.4168567657470703,2.6235506534576416,1.672119140625,1.3650215864181519,2.453451156616211,1.7283917665481567,1.431022047996521
4.668117046356201,1.4419599771499634,1.6922942399978638,4.088931083679199,1.4285907745361328,1.647031307220459,3.4351189136505127,1.4268043041229248,1.679250955581665,3.995027780532837,1.4435739517211914,1.6208422183990479
2.742182731628418,1.6273847818374634,1.5700409412384033,2.9359543323516846,1.6103172302246094,1.5686715841293335,2.485231399536133,1.6184662580490112,1.5198421478271484,2.3077688217163086,1.6005754470825195,1.5168402194976807
2.1784377098083496,1.4425595998764038,1.6071652173995972,2.412799119949341,1.375421166419983,1.677662968635559,2.153226852416992,1.4302347898483276,1.5666767358779907,2.2061500549316406,1.3831228017807007,1.5856925249099731
2.4960827827453613,1.4504520893096924,1.462372899055481,2.596618890762329,1.4991567134857178,1.4809739589691162,2.2848050594329834,1.4773671627044678,1.4971610307693481,2.667743682861328,1.4434772729873657,1.4978526830673218
0.46495723724365234,1.6964460611343384,1.6250466108322144,1.0487310886383057,1.6941365003585815,1.6690925359725952,0.36606645584106445,1.766715168952942,1.615024209022522,1.2158207893371582,1.687757134437561,1.6254676580429077
2.666261911392212,1.5584713220596313,1.570752739906311,3.0885725021362305,1.549660325050354,1.5658763647079468,1.5454357862472534,1.5937104225158691,1.555392861366272,3.022908926010132,1.5444928407669067,1.5700972080230713
2.6338696479797363,1.4068070650100708,1.6163355112075806,2.5666491985321045,1.4623371362686157,1.6472352743148804,2.6977128982543945,1.3703999519348145,1.6154104471206665,3.156106948852539,1.519529938697815,1.6212352514266968
4.555892467498779,1.6441503763198853,1.557561993598938,4.889796257019043,1.7046185731887817,1.5338457822799683,4.789524555206299,1.7345997095108032,1.5750586986541748,4.135258197784424,1.661805272102356,1.5592700242996216
0.677605390548706,1.6303578615188599,1.492782473564148,0.030869722366333008,1.6455113887786865,1.521409511566162,0.4139535427093506,1.635813593864441,1.5381824970245361,1.0061476230621338,1.5940264463424683,1.4811656475067139
4.288933753967285,1.3714568614959717,1.6259429454803467,3.2591772079467773,1.4426500797271729,1.6218342781066895,4.327463150024414,1.4570306539535522,1.610642671585083,4.905962944030762,1.4372159242630005,1.587559700012207
4.054444789886475,1.4760653972625732,1.5583443641662598,4.358336448669434,1.4606947898864746,1.5931106805801392,3.52984881401062,1.470572590827942,1.5458306074142456,4.425525665283203,1.499600887298584,1.571759819984436
0.7149217128753662,1.4979928731918335,1.6002882719039917,2.377420425415039,1.5382168292999268,1.57518470287323,1.6896363496780396,1.5330307483673096,1.5759410858154297,1.3052467107772827,1.5058224201202393,1.5930581092834473
5.982697010040283,1.615360140800476,1.723866581916809,5.453557014465332,1.532637357711792,1.6573580503463745,0.35407471656799316,1.5790798664093018,1.6457771062850952,0.03978157043457031,1.5979562997817993,1.651166558265686
3.0179531574249268,1.5630056858062744,1.4188967943191528,2.7243449687957764,1.5962631702423096,1.4200992584228516,2.914520502090454,1.5844612121582031,1.4710760116577148,2.9369335174560547,1.6656763553619385,1.4285601377487183
1.3298039436340332,1.5861684083938599,1.491302728652954,1.2041224241256714,1.5516406297683716,1.5591152906417847,1.2405076026916504,1.5182169675827026,1.557784080505371,1.1434322595596313,1.6227370500564575,1.5061441659927368
4.952293395996094,1.5556718111038208,1.632362961769104,5.11039924621582,1.5250654220581055,1.5793286561965942,4.800697326660156,1.617553472518921,1.5239371061325073,4.690831184387207,1.6042776107788086,1.5693821907043457
5.273305892944336,1.626062273979187,1.5846959352493286,5.560900688171387,1.5977543592453003,1.5887196063995361,5.07183313369751,1.6296007633209229,1.6025303602218628,5.458687782287598,1.5806280374526978,1.7124027013778687
1.0604918003082275,1.5503778457641602,1.5959450006484985,1.0711934566497803,1.429342269897461,1.5958434343338013,0.4634368419647217,1.5357987880706787,1.634318232536316,1.1980488300323486,1.5070765018463135,1.546512246131897
2.559154987335205,1.3169461488723755,1.5243821144104004,2.393038749694824,1.342737078666687,1.6026298999786377,1.944872260093689,1.3399115800857544,1.6071197986602783,2.5878515243530273,1.359997034072876,1.5675101280212402
1.953381896018982,1.447098970413208,1.524822473526001,1.7399911880493164,1.5211968421936035,1.5332422256469727,1.4580718278884888,1.4255281686782837,1.5765111446380615,1.951236367225647,1.5167640447616577,1.5667381286621094
3.37438702583313,1.5574978590011597,1.6217595338821411,3.0155856609344482,1.5544891357421875,1.5937659740447998,2.475369930267334,1.5187814235687256,1.5783525705337524,2.9774320125579834,1.4821685552597046,1.6061018705368042
5.506345272064209,1.5444080829620361,1.66110098361969,5.334184646606445,1.464627981185913,1.6451328992843628,4.839295387268066,1.502611517906189,1.6749351024627686,4.49083948135376,1.5337728261947632,1.6515178680419922
1.3296364545822144,1.6278479099273682,1.5558359622955322,1.3603978157043457,1.6692084074020386,1.5471645593643188,1.5249580144882202,1.5589743852615356,1.5196422338485718,0.728703498840332,1.6286518573760986,1.550068736076355
0.9479267597198486,1.501584529876709,1.5343034267425537,1.096592903137207,1.4548131227493286,1.592247486114502,1.0409274101257324,1.4552468061447144,1.533508539199829,0.9088397026062012,1.5256067514419556,1.5728281736373901
4.624121189117432,1.4312576055526733,1.5560864210128784,4.973471641540527,1.5440139770507812,1.535470962524414,3.271458148956299,1.4800082445144653,1.5942213535308838,5.270484924316406,1.5728518962860107,1.5470821857452393
5.846905708312988,1.548661470413208,1.6180198192596436,4.032497406005859,1.5825309753417969,1.5409048795700073,5.049228668212891,1.5943093299865723,1.5089322328567505,2.6850008964538574,1.4528065919876099,1.5563334226608276
0.2670266628265381,1.688960313796997,1.6817265748977661,0.3570826053619385,1.5911383628845215,1.6557341814041138,0.22940945625305176,1.648188829421997,1.712886929512024,0.6182291507720947,1.7766692638397217,1.596177577972412
4.1768412590026855,1.5951123237609863,1.631188988685608,5.607067108154297,1.5448641777038574,1.6323915719985962,3.6098039150238037,1.5337543487548828,1.6124380826950073,6.143828392028809,1.5292800664901733,1.651755928993225
2.9191439151763916,1.6536414623260498,1.5469385385513306,2.511744499206543,1.6666449308395386,1.5772335529327393,2.8725380897521973,1.5913887023925781,1.5046669244766235,2.6476898193359375,1.6798336505889893,1.5558770895004272
2.9168012142181396,1.6279078722000122,1.5097229480743408,2.9414942264556885,1.6407936811447144,1.5127094984054565,2.87744140625,1.5978152751922607,1.5159616470336914,3.1782829761505127,1.5758475065231323,1.5709258317947388
0.49900341033935547,1.464006781578064,1.6646602153778076,1.9219492673873901,1.4587292671203613,1.6256517171859741,4.7393035888671875,1.518599271774292,1.6698181629180908,1.5656201839447021,1.391151785850525,1.6380382776260376
0.3141937255859375,1.4996808767318726,1.577287197113037,0.32906389236450195,1.5169535875320435,1.5751571655273438,0.4877936840057373,1.5162280797958374,1.587573766708374,6.050398826599121,1.471206545829773,1.5649899244308472
0.3564283847808838,1.5982789993286133,1.68058180809021,0.5426385402679443,1.672521710395813,1.6021928787231445,1.0916030406951904,1.6517243385314941,1.6149201393127441,0.5649218559265137,1.6901462078094482,1.6000553369522095
1.3411791324615479,1.4643738269805908,1.635941743850708,0.8914740085601807,1.454525351524353,1.6018986701965332,0.4936704635620117,1.4937132596969604,1.6007850170135498,1.1179924011230469,1.4351165294647217,1.5618338584899902
1.1864084005355835,1.704759120941162,1.5366572141647339,1.6338751316070557,1.6980222463607788,1.5866495370864868,0.8963363170623779,1.6893545389175415,1.5432360172271729,0.5470259189605713,1.6550532579421997,1.5583992004394531
4.064724922180176,1.448305606842041,1.6871839761734009,3.9072189331054688,1.4014761447906494,1.6781336069107056,3.878903865814209,1.4079495668411255,1.6728445291519165,4.4293341636657715,1.4597105979919434,1.6746323108673096
4.1388325691223145,1.5892261266708374,1.661348819732666,4.077166557312012,1.5990562438964844,1.6368062496185303,5.8414812088012695,1.4983452558517456,1.7050037384033203,3.841611623764038,1.657362699508667,1.6021026372909546
2.241300106048584,1.3543150424957275,1.6256263256072998,5.921878814697266,1.3917279243469238,1.6983273029327393,2.8507533073425293,1.4070664644241333,1.6022733449935913,1.9482561349868774,1.3513418436050415,1.532602310180664
3.3357973098754883,1.4269790649414062,1.6146436929702759,2.8507533073425293,1.4070664644241333,1.6022733449935913,3.169886350631714,1.3928577899932861,1.5962327718734741,4.405694007873535,1.5050047636032104,1.5976388454437256
5.372706413269043,1.5839924812316895,1.554418921470642,5.793486595153809,1.6339925527572632,1.5277011394500732,5.583730697631836,1.6685726642608643,1.5238800048828125,5.923669815063477,1.6682181358337402,1.5271474123001099
6.124424934387207,1.67230224609375,1.700527548789978,5.075926780700684,1.674991250038147,1.759358286857605,5.651773452758789,1.6545687913894653,1.6717047691345215,0.26410531997680664,1.5764130353927612,1.7229998111724854
5.578448295593262,1.57921302318573,1.579801082611084,4.308145523071289,1.4839942455291748,1.6399590969085693,6.163379192352295,1.636879563331604,1.6423144340515137,6.1198883056640625,1.599173903465271,1.588962435722351
2.616699695587158,1.5935606956481934,1.4831624031066895,2.6020119190216064,1.6386855840682983,1.4297394752502441,2.7279627323150635,1.5686252117156982,1.4712635278701782,2.9414942264556885,1.6407936811447144,1.5127094984054565
1.9281309843063354,1.4390043020248413,1.5839941501617432,2.140721321105957,1.490625262260437,1.5819733142852783,1.670609951019287,1.412566065788269,1.5412911176681519,1.5911691188812256,1.5194859504699707,1.561053991317749
0.9967451095581055,1.4912115335464478,1.565220832824707,0.8257782459259033,1.4901525974273682,1.5426366329193115,1.3736425638198853,1.4433884620666504,1.5933107137680054,0.8595561981201172,1.388007402420044,1.5518090724945068
4.923874378204346,1.6618659496307373,1.6049011945724487,4.986508369445801,1.5913642644882202,1.593076229095459,4.932847023010254,1.5725418329238892,1.5647962093353271,0.43328094482421875,1.6644419431686401,1.539086103439331
1.9582765102386475,1.671554446220398,1.4184343814849854,2.2064249515533447,1.6559457778930664,1.4207663536071777,2.1929123401641846,1.7251696586608887,1.4718477725982666,1.9342786073684692,1.6278681755065918,1.4233773946762085
0.528907060623169,1.592450499534607,1.638893961906433,1.8986433744430542,1.537221074104309,1.631014108657837,5.988532066345215,1.654822826385498,1.6227900981903076,2.684133291244507,1.5043927431106567,1.6475872993469238
3.486335515975952,1.486270546913147,1.486810326576233,3.630491018295288,1.4969650506973267,1.5368671417236328,3.5419938564300537,1.4788585901260376,1.5301718711853027,3.493807554244995,1.4851179122924805,1.4747557640075684
4.369991302490234,1.413624882698059,1.5918707847595215,3.5954031944274902,1.3994998931884766,1.5682778358459473,4.6750030517578125,1.4532325267791748,1.5945510864257812,5.400425910949707,1.4514155387878418,1.6326055526733398
1.705842137336731,1.3905366659164429,1.6175302267074585,1.9063128232955933,1.411307454109192,1.604190707206726,1.7749406099319458,1.3927619457244873,1.5910090208053589,2.6496572494506836,1.404910922050476,1.6300398111343384
1.7705341577529907,1.451426386833191,1.5597598552703857,2.232339382171631,1.43569815158844,1.5497238636016846,2.224670171737671,1.4016335010528564,1.5925573110580444,2.107074737548828,1.4570598602294922,1.5248905420303345
3.5799524784088135,1.4873628616333008,1.5637636184692383,3.7833285331726074,1.4818247556686401,1.6136713027954102,3.6621620655059814,1.5232433080673218,1.5806386470794678,3.722515106201172,1.4658855199813843,1.6019527912139893
1.0412652492523193,1.3975517749786377,1.59678053855896,2.3542933464050293,1.4182058572769165,1.5999541282653809,3.1954233646392822,1.4592241048812866,1.5801482200622559,2.149822473526001,1.3874071836471558,1.597259759902954
1.489223599433899,1.53506600856781,1.553248643875122,1.7310274839401245,1.5622950792312622,1.5815396308898926,1.5981407165527344,1.5323855876922607,1.4930375814437866,1.69158136844635,1.5639183521270752,1.514795184135437
0.5933325290679932,1.5551713705062866,1.538830041885376,0.6076805591583252,1.4801791906356812,1.5257097482681274,2.17746901512146,1.5871878862380981,1.4486277103424072,0.6610519886016846,1.5537285804748535,1.4743032455444336
1.3850165605545044,1.7334612607955933,1.4283137321472168,1.951695203781128,1.7032830715179443,1.4953464269638062,1.769506573677063,1.7699106931686401,1.4829380512237549,1.160336971282959,1.758493423461914,1.5104235410690308
1.68454110622406,1.6443983316421509,1.4753127098083496,1.3891842365264893,1.6043187379837036,1.5086160898208618,1.1631697416305542,1.6216351985931396,1.5183558464050293,1.0546150207519531,1.5875457525253296,1.5450514554977417
3.423706531524658,1.436716079711914,1.6505491733551025,3.2047441005706787,1.477333426475525,1.5972455739974976,3.227390766143799,1.4924180507659912,1.5993598699569702,3.017108678817749,1.461728572845459,1.5774431228637695
0.7314393520355225,1.5522823333740234,1.572136402130127,0.5986850261688232,1.6147602796554565,1.5671100616455078,0.7079179286956787,1.6112674474716187,1.5507423877716064,0.679060697555542,1.5187791585922241,1.6319937705993652
3.959794759750366,1.5266157388687134,1.6181364059448242,4.2845587730407715,1.5222439765930176,1.6400727033615112,3.1212728023529053,1.5299471616744995,1.6167106628417969,3.5985937118530273,1.4793920516967773,1.568343162536621
0.16776394844055176,1.7139133214950562,1.5316814184188843,0.8738422393798828,1.6533797979354858,1.6000702381134033,1.3116246461868286,1.707410454750061,1.5521281957626343,1.0945155620574951,1.630399227142334,1.5955443382263184
1.3559974431991577,1.3837898969650269,1.5986192226409912,2.9656853675842285,1.416502594947815,1.5749521255493164,4.316342830657959,1.4118834733963013,1.608038067817688,2.122610092163086,1.4781341552734375,1.6023635864257812
0.3293740749359131,1.7796486616134644,1.4435325860977173,6.052138328552246,1.7457830905914307,1.4778037071228027,1.1445510387420654,1.800017237663269,1.4413517713546753,0.8963363170623779,1.6893545389175415,1.5432360172271729
3.8333187103271484,1.6103779077529907,1.600537657737732,1.8090041875839233,1.5741773843765259,1.6130437850952148,2.279808759689331,1.6153978109359741,1.5775712728500366,1.90326988697052,1.612139105796814,1.5924012660980225
3.3998465538024902,1.6304705142974854,1.4656291007995605,2.9414942264556885,1.6407936811447144,1.5127094984054565,3.130854368209839,1.6727230548858643,1.4720321893692017,2.905216693878174,1.6390119791030884,1.4446943998336792
3.9120099544525146,1.610019326210022,1.5514659881591797,4.5972161293029785,1.615651249885559,1.5807175636291504,3.1513493061065674,1.5957106351852417,1.4757815599441528,2.485783100128174,1.6322015523910522,1.4384461641311646
2.6005232334136963,1.675739049911499,1.5324314832687378,4.3433403968811035,1.6552022695541382,1.5668102502822876,2.2532525062561035,1.7859508991241455,1.526242733001709,4.1866984367370605,1.644073486328125,1.5575052499771118
2.3121323585510254,1.4289318323135376,1.5983178615570068,3.4179816246032715,1.467904806137085,1.5965465307235718,4.677150249481201,1.518967628479004,1.58369779586792,3.637897491455078,1.4395276308059692,1.5576573610305786
1.4958832263946533,1.5792518854141235,1.6182645559310913,0.8174197673797607,1.5887523889541626,1.633854627609253,2.32357120513916,1.5964537858963013,1.5866553783416748,1.617321252822876,1.6823216676712036,1.5638996362686157
3.455155372619629,1.4815542697906494,1.5623847246170044,3.5453503131866455,1.4741984605789185,1.5377509593963623,3.7873706817626953,1.5061044692993164,1.6010642051696777,3.1920981407165527,1.5375221967697144,1.5742369890213013
4.4709906578063965,1.5405939817428589,1.5749201774597168,2.329875946044922,1.559409737586975,1.5782191753387451,3.397043228149414,1.541336178779602,1.5174744129180908,3.040555477142334,1.5954298973083496,1.5722581148147583
1.9411026239395142,1.558997631072998,1.5394805669784546,1.8917850255966187,1.5612614154815674,1.4964076280593872,1.8559647798538208,1.5636974573135376,1.5151907205581665,1.7426496744155884,1.5995197296142578,1.5198822021484375
3.0185985565185547,1.5304217338562012,1.5063319206237793,2.3911938667297363,1.519849419593811,1.524856686592102,2.1903440952301025,1.5281691551208496,1.4922206401824951,3.084639310836792,1.5559228658676147,1.555829644203186
3.6818203926086426,1.5932986736297607,1.4623628854751587,3.7570323944091797,1.6286237239837646,1.4171180725097656,2.865386962890625,1.6865556240081787,1.427833914756775,2.217823028564453,1.5995309352874756,1.42610764503479
4.039680480957031,1.412143588066101,1.6515334844589233,3.847456932067871,1.4362043142318726,1.6318625211715698,4.324076175689697,1.4860190153121948,1.6272363662719727,4.102758407592773,1.525916576385498,1.5686109066009521
3.003666400909424,1.6104158163070679,1.5453991889953613,2.977532386779785,1.6253784894943237,1.5277814865112305,2.9866137504577637,1.5584797859191895,1.493577480316162,2.821524143218994,1.5829970836639404,1.4869484901428223
0.3400540351867676,1.5796674489974976,1.501204252243042,0.46726417541503906,1.5858848094940186,1.4887667894363403,0.0799405574798584,1.594927430152893,1.528382420539856,0.4803650379180908,1.6099539995193481,1.5013175010681152
1.0968048572540283,1.4804422855377197,1.6079044342041016,1.4898360967636108,1.5733290910720825,1.5777969360351562,2.195723295211792,1.5096341371536255,1.5788590908050537,1.5911884307861328,1.4282567501068115,1.6670010089874268
3.38529372215271,1.5806522369384766,1.4517854452133179,3.1869089603424072,1.5310420989990234,1.4724100828170776,2.6221039295196533,1.6023510694503784,1.395075798034668,3.9298338890075684,1.5896185636520386,1.4699294567108154
3.728529930114746,1.5530203580856323,1.5770930051803589,3.336550712585449,1.5778990983963013,1.5924203395843506,3.8214938640594482,1.5878653526306152,1.5848057270050049,3.5959506034851074,1.589501976966858,1.5332269668579102
5.668567180633545,1.5403562784194946,1.6739120483398438,5.52133846282959,1.5595548152923584,1.6938976049423218,4.999566555023193,1.5567097663879395,1.7231862545013428,5.884902477264404,1.548868179321289,1.6780000925064087
1.502199411392212,1.664876103401184,1.6383960247039795,0.7958986759185791,1.703549861907959,1.609304666519165,1.884291648864746,1.6816654205322266,1.5283844470977783,1.0242276191711426,1.663849949836731,1.634987473487854
2.929438591003418,1.6061774492263794,1.4568002223968506,3.5501160621643066,1.6123418807983398,1.4472156763076782,3.264244318008423,1.5895529985427856,1.4779582023620605,2.924581527709961,1.6552520990371704,1.4286798238754272
2.68815541267395,1.5697715282440186,1.5552067756652832,2.833526372909546,1.576718807220459,1.5606268644332886,2.32357120513916,1.5964537858963013,1.5866553783416748,3.1548855304718018,1.5026205778121948,1.5525341033935547
3.577455520629883,1.659692406654358,1.473742961883545,3.18871808052063,1.6164225339889526,1.4749923944473267,4.014134883880615,1.6905128955841064,1.5033482313156128,4.254086971282959,1.637230634689331,1.5391771793365479
3.0098390579223633,1.4613287448883057,1.498139500617981,3.1291937828063965,1.5029807090759277,1.5198131799697876,3.2455809116363525,1.4513323307037354,1.557759404182434,3.390501022338867,1.4416987895965576,1.5243171453475952
3.977402687072754,1.6080865859985352,1.5158787965774536,3.0590176582336426,1.732004165649414,1.5067726373672485,2.1341867446899414,1.546103835105896,1.4774084091186523,3.4552018642425537,1.6613880395889282,1.4509830474853516
2.435899257659912,1.6819908618927002,1.5143685340881348,2.797147512435913,1.6422652006149292,1.5013409852981567,2.8766419887542725,1.6235899925231934,1.4812638759613037,2.603986978530884,1.6814115047454834,1.4508874416351318
2.4874157905578613,1.6623362302780151,1.474897861480713,1.9189581871032715,1.7018954753875732,1.4977813959121704,2.9338254928588867,1.600109577178955,1.4713295698165894,2.2753517627716064,1.6590503454208374,1.5187299251556396
2.7592878341674805,1.3084969520568848,1.5862268209457397,2.9661166667938232,1.3563202619552612,1.5887032747268677,2.948819875717163,1.36102294921875,1.5399415493011475,2.4935638904571533,1.4067741632461548,1.6235941648483276
2.520549774169922,1.4067238569259644,1.6100616455078125,1.117119312286377,1.474686622619629,1.6119375228881836,2.431107759475708,1.4342613220214844,1.6232187747955322,1.5911884307861328,1.4282567501068115,1.6670010089874268
2.388497829437256,1.627684235572815,1.4753884077072144,2.4591012001037598,1.6293821334838867,1.4658422470092773,2.3789074420928955,1.6012338399887085,1.4362633228302002,1.3781810998916626,1.5947412252426147,1.4788744449615479
0.7148635387420654,1.4397611618041992,1.6593502759933472,1.4125629663467407,1.4585381746292114,1.6690850257873535,2.0406293869018555,1.4828991889953613,1.634321689605713,1.1326091289520264,1.3957059383392334,1.6253420114517212
2.3747973442077637,1.625120759010315,1.496740460395813,2.3909151554107666,1.6149643659591675,1.5172017812728882,2.715268611907959,1.6167070865631104,1.479934811592102,2.7111001014709473,1.6664241552352905,1.5359796285629272
1.1613236665725708,1.5970946550369263,1.439765214920044,0.09078097343444824,1.5894685983657837,1.4606578350067139,1.4466992616653442,1.5805599689483643,1.4402239322662354,3.950495481491089,1.546708345413208,1.4567891359329224
3.916494369506836,1.5608257055282593,1.4949754476547241,3.1127402782440186,1.6153334379196167,1.4643474817276,3.9881134033203125,1.4927711486816406,1.5401705503463745,3.8618974685668945,1.5506657361984253,1.5532057285308838
5.1805267333984375,1.3396635055541992,1.5228921175003052,4.364755630493164,1.35051691532135,1.5200363397598267,4.600646018981934,1.3799781799316406,1.642234206199646,4.49973201751709,1.4458584785461426,1.5250169038772583
3.561305046081543,1.495127558708191,1.5088229179382324,0.40439653396606445,1.5117284059524536,1.558288812637329,2.2261476516723633,1.5227428674697876,1.5769996643066406,2.9649782180786133,1.5514533519744873,1.5118739604949951
1.3316086530685425,1.4894723892211914,1.574219822883606,1.8557826280593872,1.5087532997131348,1.5155029296875,1.671795129776001,1.464277982711792,1.543548583984375,1.4790189266204834,1.5619715452194214,1.6227866411209106
2.2187743186950684,1.58896803855896,1.4086124897003174,2.132020950317383,1.5482714176177979,1.434848427772522,2.1300597190856934,1.6574678421020508,1.4325696229934692,2.2064249515533447,1.6559457778930664,1.4207663536071777
5.515155792236328,1.4921547174453735,1.481557846069336,3.507230758666992,1.5181448459625244,1.4855804443359375,3.9953114986419678,1.555448055267334,1.4964195489883423,4.064255714416504,1.5031616687774658,1.5105371475219727
2.30838680267334,1.6409331560134888,1.4204086065292358,2.6322426795959473,1.6898393630981445,1.407699465751648,2.1730434894561768,1.631497859954834,1.4295908212661743,2.342822790145874,1.6554584503173828,1.4221103191375732
2.9909346103668213,1.5797265768051147,1.560408353805542,2.929535388946533,1.4842488765716553,1.5301837921142578,3.4119176864624023,1.580959439277649,1.5505218505859375,3.0885725021362305,1.549660325050354,1.5658763647079468
0.5072453022003174,1.499961256980896,1.5335099697113037,1.0479371547698975,1.490662693977356,1.5634453296661377,4.384361267089844,1.5942463874816895,1.5467720031738281,2.1813199520111084,1.5542625188827515,1.5505013465881348
2.0192599296569824,1.6505030393600464,1.3811376094818115,2.2445685863494873,1.6080751419067383,1.3698508739471436,1.7246683835983276,1.6742106676101685,1.4071167707443237,2.460444450378418,1.627860188484192,1.3866519927978516
3.8540518283843994,1.659907579421997,1.5915687084197998,4.771554470062256,1.659417748451233,1.5627052783966064,4.221560955047607,1.718983769416809,1.5687577724456787,4.7886505126953125,1.6623222827911377,1.550474762916565
3.320012092590332,1.5587860345840454,1.4602248668670654,2.809872627258301,1.6020162105560303,1.4319474697113037,2.9540956020355225,1.5231351852416992,1.5114736557006836,3.3065707683563232,1.6348600387573242,1.4770160913467407
6.07231330871582,1.4913302659988403,1.665648341178894,2.591242790222168,1.4284718036651611,1.6952317953109741,6.1226935386657715,1.5207576751708984,1.6150517463684082,6.20634651184082,1.5611636638641357,1.6080363988876343
2.106703758239746,1.5314993858337402,1.6388145685195923,4.851899147033691,1.5793207883834839,1.7145441770553589,1.5293147563934326,1.4288136959075928,1.6647931337356567,3.008310317993164,1.520147681236267,1.5739290714263916
3.9277544021606445,1.5324993133544922,1.6162443161010742,3.7639424800872803,1.4975852966308594,1.5648382902145386,3.6390740871429443,1.4080543518066406,1.570996880531311,3.530707359313965,1.5319960117340088,1.7073118686676025
3.3251097202301025,1.64617919921875,1.5911325216293335,3.0353658199310303,1.6392509937286377,1.5497479438781738,3.0406553745269775,1.6065555810928345,1.592162847518921,3.197423219680786,1.52346932888031,1.6140294075012207
3.006072998046875,1.5590622425079346,1.4966565370559692,3.2431747913360596,1.6182043552398682,1.4881378412246704,2.320692300796509,1.530840516090393,1.4481879472732544,2.376499891281128,1.5108002424240112,1.4708882570266724
1.4738335609436035,1.463262677192688,1.5944650173187256,1.135610580444336,1.4647027254104614,1.5805565118789673,1.8231154680252075,1.3673779964447021,1.5547223091125488,1.1358907222747803,1.4807558059692383,1.5442198514938354
1.2075047492980957,1.4480341672897339,1.5918527841567993,0.9173135757446289,1.4330610036849976,1.6030802726745605,1.4170114994049072,1.4457001686096191,1.6349706649780273,1.5489555597305298,1.474165678024292,1.5508118867874146
4.032352447509766,1.7735077142715454,1.562341332435608,1.884291648864746,1.6816654205322266,1.5283844470977783,1.7131128311157227,1.714641809463501,1.5340726375579834,3.1993627548217773,1.782865047454834,1.4785678386688232
2.8460395336151123,1.6699432134628296,1.478350281715393,2.8487095832824707,1.669446587562561,1.4476360082626343,2.8353941440582275,1.7113903760910034,1.4403661489486694,2.9369335174560547,1.6656763553619385,1.4285601377487183
0.7955410480499268,1.7213038206100464,1.5085877180099487,0.634077787399292,1.7182618379592896,1.5420641899108887,1.421032428741455,1.6972756385803223,1.5133944749832153,0.5099625587463379,1.8032147884368896,1.5138059854507446
3.5704965591430664,1.5628539323806763,1.5223191976547241,3.211702346801758,1.5191844701766968,1.4840683937072754,3.5827953815460205,1.5162577629089355,1.6029996871948242,3.79990816116333,1.5432825088500977,1.5332465171813965
6.241591453552246,1.5286178588867188,1.616896629333496,0.08719205856323242,1.496536135673523,1.6949594020843506,6.247015953063965,1.5689160823822021,1.6313438415527344,6.251842975616455,1.5797055959701538,1.619449257850647
1.520885705947876,1.6604905128479004,1.656255841255188,2.4623544216156006,1.669291615486145,1.7043557167053223,2.9670467376708984,1.639617919921875,1.6665911674499512,0.12062191963195801,1.72284734249115,1.6487218141555786
2.6308765411376953,1.4620299339294434,1.539955973625183,2.8979010581970215,1.5673028230667114,1.5076751708984375,3.252068519592285,1.503140926361084,1.6123919486999512,2.9515607357025146,1.503745198249817,1.5251667499542236
5.252825736999512,1.6832879781723022,1.5820540189743042,4.465089797973633,1.6629292964935303,1.5436983108520508,4.575764179229736,1.6638282537460327,1.5436674356460571,4.617678165435791,1.6566476821899414,1.5785536766052246
2.0220046043395996,1.443750262260437,1.5977505445480347,1.8476437330245972,1.4786525964736938,1.5308603048324585,1.8412619829177856,1.3608673810958862,1.5265064239501953,3.1280770301818848,1.5212297439575195,1.5423356294631958
1.3496599197387695,1.4754703044891357,1.5223047733306885,1.1129019260406494,1.4402276277542114,1.533422589302063,1.1980488300323486,1.5070765018463135,1.546512246131897,1.340606927871704,1.4549291133880615,1.504867434501648
6.246953010559082,1.5793161392211914,1.533311128616333,3.0334982872009277,1.5706993341445923,1.5326284170150757,2.8423349857330322,1.5542620420455933,1.5185368061065674,0.7845196723937988,1.5865859985351562,1.6178488731384277
0.7873578071594238,1.5709770917892456,1.619610071182251,1.0736589431762695,1.6019948720932007,1.6100167036056519,0.5278418064117432,1.6050715446472168,1.6011989116668701,1.3970445394515991,1.5356945991516113,1.563879132270813
1.4565798044204712,1.4376016855239868,1.5316426753997803,1.0409274101257324,1.4552468061447144,1.533508539199829,1.3843193054199219,1.5028643608093262,1.4750068187713623,1.196099042892456,1.4735398292541504,1.5586676597595215
6.112724304199219,1.5968358516693115,1.5375258922576904,0.30544376373291016,1.5898475646972656,1.5384678840637207,6.000882625579834,1.5736973285675049,1.5806001424789429,6.2015814781188965,1.5636738538742065,1.5838979482650757
0.3243730068206787,1.5259617567062378,1.5971064567565918,0.46433401107788086,1.5457967519760132,1.6069239377975464,1.1050670146942139,1.5309902429580688,1.6298466920852661,0.7066264152526855,1.5186958312988281,1.6244832277297974
2.263476848602295,1.583223581314087,1.469270944595337,2.713805675506592,1.6260030269622803,1.4549870491027832,2.2750396728515625,1.550140380859375,1.517855167388916,2.830498695373535,1.643362045288086,1.5006619691848755
5.555500030517578,1.5611588954925537,1.6705633401870728,5.051218032836914,1.5025690793991089,1.660494089126587,4.977520942687988,1.5284414291381836,1.6776748895645142,5.019871711730957,1.5959848165512085,1.5989575386047363
3.1365225315093994,1.6425590515136719,1.5752511024475098,3.3996381759643555,1.6014859676361084,1.5040063858032227,2.9919843673706055,1.6957716941833496,1.5459359884262085,3.5788631439208984,1.6199878454208374,1.539612889289856
0.08484888076782227,1.562368392944336,1.6585181951522827,0.584073543548584,1.5019383430480957,1.6400713920593262,0.0056841373443603516,1.6286396980285645,1.6333141326904297,5.6971917152404785,1.567217230796814,1.7109038829803467
2.1476120948791504,1.503425121307373,1.5772405862808228,2.2690610885620117,1.4915039539337158,1.6501927375793457,1.863279104232788,1.5257312059402466,1.6102495193481445,2.1580910682678223,1.543988585472107,1.612951397895813
2.561230182647705,1.7276675701141357,1.4208126068115234,2.524334669113159,1.6829198598861694,1.3936312198638916,2.53114652633667,1.7091177701950073,1.4138060808181763,2.553905963897705,1.692778468132019,1.4009958505630493
2.499295949935913,1.5110880136489868,1.5216407775878906,2.7279627323150635,1.5686252117156982,1.4712635278701782,2.007950782775879,1.5890072584152222,1.460795521736145,2.164307117462158,1.4790709018707275,1.5617032051086426
2.5845184326171875,1.5977702140808105,1.5229771137237549,2.733553171157837,1.5794689655303955,1.5011197328567505,2.6715004444122314,1.589511513710022,1.4864071607589722,3.134835720062256,1.6251602172851562,1.4990043640136719
2.5586814880371094,1.5550799369812012,1.5468037128448486,2.613985538482666,1.619336724281311,1.4913986921310425,2.698033332824707,1.58883535861969,1.5175267457962036,2.001051425933838,1.624316692352295,1.5088422298431396
2.9334681034088135,1.6816825866699219,1.4682419300079346,2.913536310195923,1.6737500429153442,1.4638100862503052,2.7345128059387207,1.6405524015426636,1.4497226476669312,2.572226047515869,1.6663321256637573,1.4215368032455444
1.2921464443206787,1.504684329032898,1.581294059753418,0.981830358505249,1.5917747020721436,1.5343825817108154,1.4019267559051514,1.5284626483917236,1.6429756879806519,1.7029716968536377,1.416406273841858,1.5104354619979858
2.671863079071045,1.5018092393875122,1.4498112201690674,3.7572214603424072,1.5264408588409424,1.4858787059783936,2.3625762462615967,1.481436848640442,1.4875801801681519,4.0441975593566895,1.4144551753997803,1.47715163230896
1.4461108446121216,1.6124647855758667,1.527653455734253,1.0718839168548584,1.6404274702072144,1.5062201023101807,1.476364016532898,1.5905200242996216,1.618878960609436,2.511744499206543,1.6666449308395386,1.5772335529327393
1.2937623262405396,1.5783008337020874,1.678802728652954,1.378591537475586,1.5368859767913818,1.6217015981674194,1.2199925184249878,1.5560023784637451,1.6370666027069092,1.0101475715637207,1.580716609954834,1.6362829208374023
3.9101383686065674,1.4339531660079956,1.614244818687439,3.4368538856506348,1.4451292753219604,1.5560153722763062,3.2391364574432373,1.388333797454834,1.591416835784912,3.641228199005127,1.3421342372894287,1.6080790758132935
1.080174207687378,1.3716351985931396,1.6340051889419556,1.1869065761566162,1.4475913047790527,1.6367416381835938,1.7832179069519043,1.3999005556106567,1.5920222997665405,1.895538568496704,1.4074894189834595,1.5927919149398804
2.976881265640259,1.43207585811615,1.6485607624053955,3.5943098068237305,1.4542922973632812,1.6765238046646118,2.412799119949341,1.375421166419983,1.677662968635559,3.7041690349578857,1.559653401374817,1.5836929082870483
1.7939262390136719,1.6531341075897217,1.5786386728286743,2.368399143218994,1.65402352809906,1.5409711599349976,2.613921642303467,1.6838910579681396,1.5922781229019165,1.536241054534912,1.6620832681655884,1.4977291822433472
3.3977394104003906,1.5806728601455688,1.539493441581726,2.2451250553131104,1.5972926616668701,1.5615960359573364,4.599635601043701,1.6032438278198242,1.620125412940979,2.501643180847168,1.571840763092041,1.5498037338256836
3.6472930908203125,1.7417773008346558,1.6141282320022583,3.1668124198913574,1.748669981956482,1.537453055381775,3.445195198059082,1.6856706142425537,1.5797276496887207,2.8770017623901367,1.6208804845809937,1.610147476196289
2.529851198196411,1.657821774482727,1.3789236545562744,2.665896415710449,1.687331199645996,1.378087043762207,2.648636817932129,1.7122347354888916,1.4074419736862183,2.5641279220581055,1.6572729349136353,1.3926811218261719
1.7369905710220337,1.7137174606323242,1.538157343864441,1.2882274389266968,1.6621817350387573,1.6149739027023315,1.5128848552703857,1.6379461288452148,1.5603164434432983,2.1077163219451904,1.697575330734253,1.5562993288040161
4.789377212524414,1.4968887567520142,1.6297073364257812,4.1895527839660645,1.5169169902801514,1.570117473602295,4.059868335723877,1.4975593090057373,1.602105736732483,4.7721171379089355,1.5623654127120972,1.6438705921173096
5.942190647125244,1.4324508905410767,1.6087452173233032,1.6425912380218506,1.4517699480056763,1.62843656539917,4.6750030517578125,1.4532325267791748,1.5945510864257812,0.16260266304016113,1.5120623111724854,1.5926107168197632
2.4227850437164307,1.5222333669662476,1.5201420783996582,2.321624755859375,1.5857782363891602,1.5340526103973389,2.5128750801086426,1.592119574546814,1.5501482486724854,2.2798283100128174,1.57893705368042,1.4950679540634155
1.639709711074829,1.6419686079025269,1.5945706367492676,2.511744499206543,1.6666449308395386,1.5772335529327393,1.8730720281600952,1.639271855354309,1.5722576379776,1.0468652248382568,1.7114204168319702,1.5805819034576416
1.8991100788116455,1.4277641773223877,1.5035713911056519,1.471395492553711,1.4503095149993896,1.5234779119491577,1.476620078086853,1.4561924934387207,1.5190829038619995,1.340606927871704,1.4549291133880615,1.504867434501648
2.084695816040039,1.4705305099487305,1.641977071762085,6.044413089752197,1.601747751235962,1.5761888027191162,1.3249444961547852,1.4086726903915405,1.5136113166809082,1.6975549459457397,1.5364317893981934,1.5635806322097778
0.6128635406494141,1.6819360256195068,1.5124056339263916,0.5862119197845459,1.666052222251892,1.566098690032959,0.6145510673522949,1.6551449298858643,1.5884217023849487,0.6604747772216797,1.6192834377288818,1.5689095258712769
3.018134355545044,1.4781137704849243,1.5960348844528198,3.187838315963745,1.4794303178787231,1.5715947151184082,5.596230506896973,1.5709439516067505,1.6633446216583252,3.2593188285827637,1.5933496952056885,1.584426999092102
1.5131168365478516,1.5118154287338257,1.6965082883834839,1.3570537567138672,1.4815911054611206,1.7396610975265503,0.6926355361938477,1.5419689416885376,1.6955864429473877,1.9120352268218994,1.5118783712387085,1.6460832357406616
2.6506783962249756,1.5079807043075562,1.4891045093536377,2.453683853149414,1.5017297267913818,1.4787143468856812,2.43902850151062,1.541419267654419,1.4909071922302246,2.384556770324707,1.524752140045166,1.4656873941421509
2.201939344406128,1.669331669807434,1.4378068447113037,3.251363754272461,1.7443164587020874,1.4506911039352417,3.45530104637146,1.695111632347107,1.4283918142318726,0.7868485450744629,1.689319133758545,1.460161805152893
0.9002993106842041,1.63853919506073,1.5531625747680664,1.1484397649765015,1.6270692348480225,1.576029896736145,2.4532389640808105,1.6104627847671509,1.6119091510772705,1.602768063545227,1.553147554397583,1.5809367895126343
0.6587352752685547,1.735679268836975,1.5537219047546387,1.5148197412490845,1.6805304288864136,1.5426809787750244,0.3368558883666992,1.7098251581192017,1.55912446975708,1.8126498460769653,1.6605757474899292,1.4935158491134644
3.5698482990264893,1.7001235485076904,1.4737646579742432,5.150649070739746,1.723834753036499,1.5013117790222168,4.445056438446045,1.7329671382904053,1.482565999031067,3.268468141555786,1.6540290117263794,1.5504597425460815
1.7281824350357056,1.559455156326294,1.4620157480239868,2.450897216796875,1.5920618772506714,1.429787039756775,1.682923674583435,1.657310128211975,1.4716789722442627,2.004565715789795,1.5294748544692993,1.4453896284103394
1.0900068283081055,1.7732551097869873,1.4434173107147217,5.985252380371094,1.8088393211364746,1.4688260555267334,0.5846631526947021,1.8121871948242188,1.4714887142181396,1.8006091117858887,1.734900951385498,1.474399447441101
2.8418807983398438,1.498879313468933,1.563450813293457,3.8300037384033203,1.4229111671447754,1.6012957096099854,2.8722598552703857,1.5483453273773193,1.6303902864456177,3.971465587615967,1.5031306743621826,1.567838430404663
0.32477259635925293,1.5295485258102417,1.6063158512115479,0.5156121253967285,1.509585976600647,1.6022193431854248,0.9648330211639404,1.4799860715866089,1.608172059059143,1.825465202331543,1.4828897714614868,1.529571294784546
1.2032127380371094,1.7699110507965088,1.5360275506973267,1.8166518211364746,1.781341791152954,1.5832951068878174,2.3492188453674316,1.7012842893600464,1.5950498580932617,1.484311580657959,1.6362690925598145,1.5037099123001099
4.852228164672852,1.6426416635513306,1.5940682888031006,4.336130142211914,1.638903260231018,1.5761672258377075,4.676879405975342,1.630387306213379,1.544596552848816,3.4272985458374023,1.5741342306137085,1.5705642700195312
2.9624509811401367,1.390549659729004,1.5885878801345825,2.700922727584839,1.3769460916519165,1.561684489250183,2.864734649658203,1.4008768796920776,1.5689992904663086,3.4612040519714355,1.4097813367843628,1.5506112575531006
0.10781002044677734,1.4449572563171387,1.5980260372161865,4.868031024932861,1.4717869758605957,1.5827767848968506,1.8358018398284912,1.4456734657287598,1.589199185371399,3.1846561431884766,1.4559900760650635,1.6032335758209229
3.2348361015319824,1.5816017389297485,1.5122312307357788,3.1638944149017334,1.607975721359253,1.5807336568832397,3.6459851264953613,1.5539511442184448,1.5462355613708496,3.6696348190307617,1.5876221656799316,1.4915375709533691
0.9889070987701416,1.4066061973571777,1.6131234169006348,0.8232555389404297,1.4726676940917969,1.6328378915786743,2.345792293548584,1.4052180051803589,1.6541391611099243,2.6152596473693848,1.467793345451355,1.5673885345458984
4.93436336517334,1.5087321996688843,1.616576075553894,4.506469249725342,1.537689447402954,1.6230984926223755,0.8240082263946533,1.4701467752456665,1.6282542943954468,4.594429969787598,1.619460105895996,1.6042808294296265
3.020723342895508,1.4458448886871338,1.5958492755889893,2.8005852699279785,1.45250403881073,1.6146306991577148,2.3783929347991943,1.4216527938842773,1.629064917564392,2.9870214462280273,1.4709393978118896,1.6059837341308594
0.34120726585388184,1.6901768445968628,1.586142659187317,0.5898628234863281,1.5949435234069824,1.5615118741989136,5.988532066345215,1.654822826385498,1.6227900981903076,0.1198732852935791,1.665769338607788,1.570284366607666
3.3262131214141846,1.3687710762023926,1.6322712898254395,3.3016340732574463,1.3732916116714478,1.6452770233154297,3.786588191986084,1.4329884052276611,1.6291639804840088,3.7001428604125977,1.3902708292007446,1.6499775648117065
1.8041832447052002,1.3981093168258667,1.5442792177200317,1.1536979675292969,1.4054876565933228,1.576276421546936,1.8161593675613403,1.3834149837493896,1.4728491306304932,1.3843193054199219,1.5028643608093262,1.4750068187713623
1.4168784618377686,1.4474035501480103,1.6170525550842285,1.4580718278884888,1.4255281686782837,1.5765111446380615,1.2832138538360596,1.4658989906311035,1.624664068222046,1.6002377271652222,1.4541021585464478,1.5635124444961548
3.2795443534851074,1.3726240396499634,1.5980483293533325,3.495720624923706,1.4217530488967896,1.5958950519561768,3.248833417892456,1.4404079914093018,1.555859088897705,3.158961772918701,1.3577600717544556,1.5970916748046875
3.6810429096221924,1.6462883949279785,1.5034795999526978,3.3265721797943115,1.6170480251312256,1.491763710975647,2.999408483505249,1.6677322387695312,1.4584228992462158,3.154327154159546,1.6305032968521118,1.5269078016281128
3.0678153038024902,1.6948769092559814,1.4262361526489258,2.9028303623199463,1.6675472259521484,1.432430624961853,2.935102939605713,1.683695912361145,1.4358124732971191,2.9494335651397705,1.6451576948165894,1.4477919340133667
1.2028826475143433,1.599632978439331,1.6136994361877441,1.2099065780639648,1.5661753416061401,1.614454746246338,1.330330729484558,1.5585805177688599,1.6608558893203735,1.0585432052612305,1.6001864671707153,1.623193383216858
0.05715131759643555,1.6649107933044434,1.5425177812576294,3.1184115409851074,1.591881513595581,1.5627716779708862,3.5758934020996094,1.7596739530563354,1.5011271238327026,4.7886505126953125,1.6623222827911377,1.550474762916565
4.4233927726745605,1.513958215713501,1.4628874063491821,4.723984241485596,1.5012342929840088,1.5085272789001465,4.258666515350342,1.5246871709823608,1.519507884979248,3.8562629222869873,1.5031415224075317,1.484829068183899
1.1267015933990479,1.7094392776489258,1.576608419418335,1.04252028465271,1.6453001499176025,1.561835527420044,0.5289523601531982,1.7178764343261719,1.5895650386810303,0.634077787399292,1.7182618379592896,1.5420641899108887
2.783705949783325,1.5659005641937256,1.5192396640777588,2.3837356567382812,1.6081503629684448,1.4768574237823486,2.5019187927246094,1.6338810920715332,1.4911850690841675,2.586677074432373,1.4466180801391602,1.5357661247253418
1.8034780025482178,1.4315123558044434,1.636857509613037,1.927512764930725,1.4372986555099487,1.6619826555252075,1.509130835533142,1.427632212638855,1.6732332706451416,2.7606360912323,1.3550957441329956,1.6064085960388184
1.557257056236267,1.5937554836273193,1.4679286479949951,0.7180924415588379,1.5767985582351685,1.5158928632736206,1.9999356269836426,1.643706202507019,1.4060039520263672,1.7332292795181274,1.5809965133666992,1.511628270149231
5.3651628494262695,1.4203218221664429,1.6216336488723755,5.631808280944824,1.3965258598327637,1.5871520042419434,0.9674668312072754,1.3840587139129639,1.6443300247192383,0.8898301124572754,1.4375782012939453,1.6214522123336792
